1,-1,-1,-1,1,1,1,-1,-1,1,-1,1,1,-1,1.974658
1,-1,-1,1,1,-1,-1,1,1,1,-1,-1,-1,1,2.078034
-1,-1,1,1,-1,-1,1,1,-1,1,-1,1,-1,1,1.683842
-1,1,-1,1,-1,1,1,1,-1,1,-1,-1,-1,1,2.135365
1,-1,-1,1,-1,-1,1,-1,1,1,1,-1,-1,1,2.055985
-1,1,-1,1,-1,-1,1,-1,1,1,-1,1,1,-1,1.652274
-1,-1,1,1,-1,1,1,-1,1,-1,-1,1,1,-1,1.784080
1,1,-1,-1,-1,1,1,-1,-1,-1,1,1,-1,1,2.408796
1,-1,1,-1,1,-1,1,-1,-1,1,1,-1,-1,1,1.172531
-1,1,-1,-1,1,1,-1,1,-1,-1,1,1,-1,1,1.668656
1,-1,-1,1,1,-1,-1,1,1,-1,1,1,-1,-1,1.862843
1,1,-1,-1,1,-1,-1,1,-1,-1,1,1,1,-1,2.282455
-1,1,1,-1,1,-1,1,1,-1,-1,-1,1,1,-1,1.722611
-1,1,1,1,-1,1,-1,-1,-1,1,-1,1,-1,1,2.098620
-1,1,-1,1,-1,1,1,1,-1,-1,-1,1,1,-1,1.851576
-1,1,-1,1,1,-1,1,-1,1,-1,1,1,-1,-1,1.457757
1,-1,-1,1,-1,1,1,-1,-1,1,-1,-1,1,1,1.754378
1,-1,1,-1,-1,-1,1,1,1,1,-1,-1,1,-1,2.403343
1,-1,-1,1,-1,-1,1,1,-1,-1,1,1,1,-1,2.119811
1,1,-1,1,-1,-1,1,-1,1,-1,1,-1,1,-1,1.515723
-1,1,1,1,-1,-1,1,-1,1,1,-1,1,-1,-1,2.308110
1,1,-1,-1,1,-1,-1,1,1,-1,-1,-1,1,1,2.373395
-1,1,-1,1,-1,1,1,-1,1,-1,-1,1,-1,1,1.125780
1,-1,-1,-1,1,-1,1,-1,1,1,-1,1,-1,1,2.073185
1,-1,1,1,-1,-1,1,-1,-1,-1,1,1,1,-1,2.299237
1,-1,1,1,-1,-1,-1,1,-1,1,1,-1,-1,1,1.797976
-1,1,-1,-1,1,1,1,1,-1,-1,-1,1,1,-1,2.482788
-1,-1,1,1,1,-1,1,-1,1,1,-1,-1,1,-1,2.084087
-1,1,-1,1,1,-1,-1,1,-1,1,1,1,-1,-1,1.853284
-1,-1,1,-1,1,1,-1,-1,1,1,1,-1,1,-1,2.353725
1,-1,1,-1,1,1,-1,-1,1,-1,1,1,-1,-1,1.700320
1,-1,1,-1,-1,1,-1,1,1,-1,1,-1,-1,1,1.280574
-1,-1,1,-1,1,1,-1,1,1,-1,-1,1,1,-1,2.052249
-1,-1,1,1,-1,1,1,-1,1,-1,-1,1,-1,1,1.673363
-1,1,1,-1,-1,-1,1,1,-1,1,-1,1,1,-1,1.723307
-1,1,-1,-1,1,-1,1,1,-1,1,1,-1,1,-1,1.741197
1,-1,-1,1,-1,1,-1,1,1,-1,1,-1,1,-1,1.112613
1,-1,1,-1,-1,1,-1,1,1,-1,1,-1,1,-1,1.125819
-1,1,1,1,-1,-1,1,-1,-1,1,1,-1,1,-1,1.763325
1,-1,1,-1,-1,-1,1,1,1,-1,1,-1,-1,1,1.927470
1,-1,-1,1,-1,1,-1,1,1,-1,-1,-1,1,1,1.788499
-1,1,1,1,-1,1,-1,-1,1,-1,-1,1,1,-1,2.068693
-1,-1,1,1,-1,1,-1,-1,1,1,-1,-1,1,1,2.296779
-1,-1,1,1,-1,1,1,-1,-1,1,-1,1,1,-1,1.748299
1,1,-1,1,-1,-1,1,-1,1,-1,-1,1,1,-1,1.850328
-1,1,1,-1,1,-1,-1,1,1,-1,1,-1,1,-1,1.209774
1,-1,1,-1,1,1,-1,-1,1,-1,-1,1,-1,1,1.425670
-1,-1,1,1,1,-1,1,-1,-1,1,-1,1,1,-1,1.884906
1,-1,-1,1,1,-1,-1,-1,1,1,1,-1,-1,1,2.065007
-1,-1,1,1,-1,1,1,-1,-1,1,-1,1,-1,1,1.581913
-1,1,-1,-1,1,-1,1,1,-1,1,1,1,-1,-1,2.444263
1,-1,1,-1,1,-1,1,-1,1,-1,-1,1,-1,1,0.924566
1,-1,-1,1,-1,1,-1,1,-1,1,1,-1,-1,1,1.190029
-1,1,-1,1,1,1,-1,-1,1,-1,1,1,-1,-1,2.019824
1,-1,1,-1,1,1,1,-1,-1,-1,-1,1,1,-1,2.721138
1,-1,1,-1,1,1,-1,1,1,-1,-1,-1,1,-1,2.609449
1,1,-1,-1,1,-1,1,-1,1,-1,1,-1,1,-1,1.212059
-1,1,1,-1,-1,1,-1,-1,1,-1,1,-1,1,1,2.195388
1,-1,1,-1,1,1,1,-1,-1,1,-1,-1,1,-1,2.592995
1,-1,1,-1,1,-1,-1,1,-1,1,-1,1,-1,1,0.947088
1,-1,1,-1,1,-1,1,1,-1,-1,1,-1,-1,1,1.358748
-1,1,1,-1,1,-1,1,1,-1,-1,-1,-1,1,1,2.344929
-1,1,1,-1,-1,-1,1,1,1,-1,1,-1,1,-1,1.854068
-1,1,1,-1,1,-1,1,-1,1,-1,1,1,-1,-1,1.396802
1,-1,1,-1,1,1,-1,-1,1,-1,-1,1,1,-1,1.501047
-1,1,-1,-1,1,-1,1,1,-1,-1,1,1,1,-1,2.256858
1,-1,1,1,-1,-1,-1,1,-1,-1,1,1,-1,1,2.113244
-1,-1,1,-1,1,-1,1,1,-1,1,-1,-1,1,1,2.417771
1,-1,-1,-1,1,1,1,1,-1,-1,-1,1,-1,1,2.590786
-1,-1,1,1,1,-1,-1,-1,1,1,-1,1,-1,1,2.181096
-1,1,-1,1,1,-1,1,-1,-1,1,-1,-1,1,1,1.680087
1,-1,1,-1,1,-1,-1,1,-1,1,1,1,-1,-1,1.734369
1,-1,-1,1,1,-1,1,-1,1,-1,1,-1,1,-1,1.011931
1,-1,-1,1,1,-1,1,-1,1,-1,-1,-1,1,1,1.861051
1,-1,1,1,-1,-1,-1,1,-1,1,1,1,-1,-1,2.332910
1,-1,-1,1,1,1,-1,1,-1,-1,1,-1,-1,1,2.057175
-1,1,-1,1,-1,-1,1,-1,1,-1,1,1,1,-1,2.060004
-1,1,1,-1,-1,1,1,1,-1,-1,1,-1,1,-1,1.711824
-1,-1,1,1,-1,1,-1,1,-1,1,-1,1,-1,1,1.212059
-1,1,1,-1,-1,1,-1,1,1,1,-1,-1,-1,1,2.019339
-1,1,-1,1,1,-1,1,-1,1,-1,1,-1,1,-1,0.924806
-1,1,1,-1,1,-1,-1,1,-1,1,1,-1,1,-1,1.280545
-1,-1,1,-1,1,1,1,-1,1,-1,-1,1,1,-1,2.182307
1,1,-1,-1,-1,1,-1,1,1,-1,1,-1,1,-1,1.722399
-1,1,-1,1,-1,1,-1,1,-1,1,-1,1,1,-1,0.868442
-1,1,-1,1,1,-1,-1,1,-1,-1,1,1,-1,1,1.540170
1,-1,1,-1,1,1,-1,-1,-1,1,1,-1,-1,1,1.707737
-1,1,-1,1,-1,-1,-1,1,1,1,1,-1,-1,1,2.721138
-1,-1,1,1,1,1,-1,-1,1,-1,1,-1,-1,1,2.340834
1,-1,-1,-1,1,1,1,-1,-1,1,-1,1,-1,1,1.797341
-1,1,-1,1,1,-1,-1,1,1,1,-1,-1,1,-1,1.761473
-1,1,-1,1,1,-1,1,-1,-1,-1,1,-1,1,1,2.115487
1,-1,1,1,-1,1,-1,-1,1,-1,1,-1,1,-1,1.457307
-1,1,1,-1,-1,-1,1,1,1,-1,1,-1,-1,1,2.001221
-1,1,1,-1,1,-1,-1,-1,1,1,1,-1,1,-1,1.911216
-1,1,1,-1,1,-1,-1,-1,1,1,-1,1,-1,1,1.643733
-1,1,-1,1,-1,1,1,1,-1,-1,1,-1,-1,1,1.691714
-1,1,-1,1,-1,-1,1,1,-1,1,1,1,-1,-1,2.105594
-1,1,-1,-1,1,1,-1,-1,1,1,-1,-1,1,1,2.265849
1,-1,-1,1,1,1,-1,1,-1,-1,-1,1,-1,1,2.174280
1,-1,1,-1,-1,1,-1,-1,1,1,1,-1,-1,1,1.786260
-1,-1,1,1,-1,1,-1,1,-1,-1,1,-1,1,1,2.148866
1,-1,-1,1,-1,1,1,1,-1,-1,1,-1,1,-1,1.643733
-1,-1,-1,1,1,1,-1,1,-1,1,-1,1,-1,1,2.446261
-1,-1,1,1,1,-1,-1,1,-1,-1,1,1,-1,1,2.147359
-1,1,1,-1,1,-1,1,-1,1,1,-1,1,-1,-1,1.705023
1,1,1,-1,-1,-1,-1,1,1,-1,1,-1,1,-1,2.891023
-1,1,-1,1,-1,1,-1,1,-1,-1,1,-1,1,1,1.516065
-1,-1,1,1,-1,-1,1,-1,1,1,-1,1,-1,1,2.016819
-1,1,-1,-1,1,1,1,-1,-1,-1,1,1,1,-1,2.365448
-1,1,-1,1,-1,1,-1,1,-1,-1,1,1,-1,1,1.172217
1,1,-1,-1,1,-1,-1,1,-1,1,1,-1,1,-1,1.673363
-1,-1,1,1,1,-1,1,1,-1,-1,1,-1,1,-1,2.086580
1,-1,-1,1,1,-1,1,1,-1,1,-1,-1,-1,1,2.068697
1,1,-1,-1,-1,1,-1,1,1,1,-1,-1,-1,1,2.502317
1,-1,-1,1,-1,-1,1,-1,1,1,-1,-1,1,1,2.233738
1,-1,-1,1,1,1,-1,1,-1,-1,1,-1,1,-1,1.850578
-1,1,1,-1,1,-1,-1,1,-1,1,-1,-1,1,1,1.632151
1,-1,-1,-1,1,-1,1,1,-1,1,-1,-1,1,1,2.303108
-1,1,1,1,-1,-1,1,-1,-1,1,-1,1,-1,1,1.681998
-1,1,-1,1,-1,1,1,-1,1,1,-1,-1,-1,1,1.685559
1,-1,1,1,-1,1,-1,-1,1,1,-1,-1,1,-1,1.988063
-1,1,-1,1,-1,1,-1,1,1,1,-1,-1,1,-1,1.529695
1,-1,1,-1,-1,1,-1,1,-1,-1,-1,1,1,1,2.749146
1,-1,-1,1,-1,1,-1,-1,1,-1,1,1,-1,1,1.662577
1,-1,-1,-1,1,1,-1,1,1,-1,-1,1,-1,1,1.763325
1,1,-1,1,-1,1,-1,-1,1,-1,1,-1,1,-1,1.832094
-1,-1,1,1,-1,1,-1,1,-1,1,-1,-1,1,1,1.754421
-1,-1,1,1,1,-1,-1,1,-1,1,-1,-1,1,1,2.193368
-1,1,1,1,-1,-1,1,1,-1,-1,1,-1,-1,1,2.123900
-1,1,1,1,-1,-1,-1,1,1,1,-1,-1,1,-1,2.367720
1,-1,1,-1,1,-1,-1,1,1,1,-1,-1,-1,1,1.796197
1,-1,1,-1,1,-1,-1,1,1,-1,1,-1,1,-1,1.042857
-1,-1,1,-1,1,1,-1,1,1,-1,-1,1,-1,1,1.902128
-1,1,1,1,-1,-1,1,-1,-1,1,-1,1,1,-1,1.831111
1,-1,-1,1,-1,-1,1,-1,1,1,1,-1,1,-1,2.017893
-1,1,-1,-1,1,1,1,-1,-1,1,1,-1,1,-1,1.758674
1,1,-1,1,-1,-1,-1,1,1,-1,1,-1,-1,1,2.113596
-1,1,1,-1,1,-1,1,-1,-1,1,1,1,-1,-1,1.788499
-1,-1,1,1,1,-1,1,-1,-1,1,-1,1,-1,1,1.722399
1,-1,1,-1,-1,1,1,-1,-1,1,-1,1,-1,1,1.208665
-1,1,1,-1,-1,1,-1,-1,1,1,1,1,-1,-1,2.463323
-1,1,1,-1,-1,1,1,-1,-1,1,1,-1,1,-1,1.462485
1,1,-1,-1,1,-1,1,-1,-1,1,-1,-1,1,1,2.100109
-1,-1,1,-1,1,1,-1,1,-1,-1,1,1,-1,1,2.095462
-1,1,1,1,-1,-1,1,-1,1,-1,1,-1,-1,1,1.590707
1,-1,-1,1,-1,1,-1,-1,1,1,1,-1,1,-1,1.657156
1,-1,1,-1,-1,1,1,1,-1,-1,-1,1,-1,1,1.860947
1,-1,1,-1,1,-1,-1,1,1,-1,1,1,-1,-1,1.583883
-1,1,-1,1,-1,-1,1,-1,-1,1,1,1,-1,1,2.609449
-1,-1,1,1,1,-1,1,1,-1,1,-1,-1,1,-1,2.484409
1,-1,1,-1,1,1,-1,1,-1,-1,1,1,-1,-1,2.026068
1,1,1,-1,-1,-1,1,-1,1,-1,1,-1,1,-1,2.446261
-1,1,-1,-1,1,1,1,-1,1,-1,1,-1,-1,1,1.684147
1,-1,-1,1,1,-1,1,1,-1,-1,-1,1,1,-1,1.868633
1,-1,1,1,-1,-1,1,1,-1,-1,1,-1,-1,1,1.846990
1,-1,1,-1,-1,1,-1,-1,1,-1,1,1,-1,1,1.744439
1,-1,-1,1,1,-1,1,-1,-1,-1,1,1,1,-1,2.019339
-1,1,-1,1,1,-1,1,1,-1,-1,-1,1,1,-1,1.786260
1,-1,1,1,-1,-1,-1,-1,1,1,1,-1,1,-1,2.378583
1,-1,1,-1,-1,1,1,-1,1,1,-1,-1,-1,1,1.765574
-1,1,-1,1,1,1,-1,1,-1,-1,1,-1,1,-1,1.796921
1,1,-1,-1,1,1,-1,1,-1,-1,1,-1,-1,1,2.225566
1,-1,1,-1,-1,1,1,1,-1,-1,1,-1,1,-1,1.564867
1,-1,-1,-1,1,-1,1,1,-1,1,1,-1,1,-1,2.010607
1,-1,-1,-1,1,1,-1,1,-1,-1,1,1,1,-1,2.178856
1,1,-1,1,-1,-1,1,-1,1,-1,-1,1,-1,1,1.775763
-1,1,1,-1,-1,1,1,1,-1,-1,1,-1,-1,1,1.913313
1,-1,-1,-1,1,1,-1,1,-1,1,1,-1,-1,1,1.731980
1,-1,-1,1,-1,-1,1,1,1,-1,1,-1,1,-1,1.688783
1,1,-1,-1,-1,1,1,-1,-1,1,-1,1,1,-1,1.964287
1,-1,1,-1,-1,1,-1,1,1,-1,-1,1,-1,1,1.247191
1,-1,-1,1,-1,-1,1,1,-1,1,1,-1,-1,1,1.695134
1,-1,-1,-1,1,1,-1,-1,1,1,-1,1,-1,1,1.897676
-1,-1,1,-1,1,-1,1,1,-1,1,1,-1,1,-1,2.141620
1,-1,-1,-1,1,1,1,-1,-1,1,1,-1,1,-1,1.979367
-1,1,1,-1,1,1,-1,-1,1,1,-1,-1,-1,1,2.119811
1,-1,1,-1,-1,-1,1,1,-1,-1,1,1,1,-1,2.205761
-1,1,1,-1,1,1,-1,-1,-1,-1,1,1,1,-1,2.531503
1,-1,1,1,-1,-1,-1,1,-1,1,-1,-1,1,1,2.107372
1,1,-1,-1,1,-1,1,-1,1,1,-1,-1,1,-1,1.711944
1,-1,1,-1,1,-1,1,1,-1,1,-1,-1,-1,1,1.708898
-1,1,1,-1,1,-1,-1,-1,1,1,-1,-1,1,1,2.208913
1,-1,1,-1,1,-1,1,-1,-1,1,-1,1,-1,1,0.947127
1,1,-1,-1,1,-1,-1,1,-1,-1,1,1,-1,1,2.087247
1,-1,1,-1,-1,1,1,1,-1,1,-1,-1,1,-1,1.893803
1,-1,1,1,-1,-1,-1,1,-1,-1,1,1,1,-1,2.328233
-1,1,-1,1,-1,1,-1,-1,1,-1,1,1,1,-1,1.708898
-1,1,-1,1,1,-1,1,-1,-1,1,-1,1,1,-1,1.280574
-1,1,1,-1,-1,1,-1,1,1,-1,1,1,-1,-1,1.806709
-1,1,-1,1,-1,1,-1,1,-1,1,-1,1,-1,1,0.686445
1,-1,-1,1,-1,1,-1,-1,1,1,1,-1,-1,1,1.722611
1,1,-1,-1,-1,1,-1,-1,1,1,1,-1,1,-1,2.355786
-1,1,1,-1,1,-1,-1,-1,1,1,1,-1,-1,1,1.999046
-1,-1,1,-1,1,-1,1,1,-1,1,-1,1,-1,1,1.832094
1,-1,1,-1,-1,1,1,1,-1,-1,-1,-1,1,1,2.525568
-1,1,-1,1,-1,1,-1,1,-1,1,-1,-1,1,1,1.213129
1,-1,-1,1,-1,1,1,1,-1,-1,1,1,-1,-1,2.208913
-1,1,-1,-1,1,-1,1,1,1,-1,-1,1,-1,1,1.889062
-1,1,-1,-1,1,1,-1,1,1,-1,1,1,-1,-1,2.067717
1,-1,1,1,-1,1,-1,1,-1,-1,-1,1,-1,1,2.139197
-1,-1,1,-1,1,1,1,-1,1,-1,-1,1,-1,1,2.072366
-1,-1,1,1,-1,1,-1,1,-1,-1,1,1,1,-1,1.936160
-1,1,1,1,-1,-1,1,1,-1,-1,-1,1,1,-1,2.280450
1,1,-1,-1,-1,1,-1,-1,1,1,1,-1,-1,1,2.425525
1,-1,-1,-1,1,-1,1,1,1,-1,1,-1,1,-1,2.098620
-1,-1,1,1,-1,1,1,-1,-1,1,-1,-1,1,1,2.159197
1,-1,1,-1,1,-1,1,-1,1,1,1,-1,-1,-1,2.435568
-1,1,-1,1,1,1,-1,-1,1,1,-1,-1,1,-1,1.969252
-1,-1,1,-1,1,-1,1,1,1,-1,-1,1,-1,1,2.295669
1,1,-1,-1,1,1,-1,-1,1,-1,1,-1,1,-1,1.683842
1,-1,-1,1,-1,1,1,1,-1,-1,-1,-1,1,1,2.598309
-1,-1,1,1,-1,1,-1,1,1,-1,-1,1,1,-1,1.706418
-1,-1,1,1,1,-1,-1,1,1,-1,1,-1,-1,1,1.964287
1,1,-1,-1,1,-1,1,-1,1,-1,-1,1,-1,1,1.456146
1,-1,-1,1,1,-1,-1,1,1,1,-1,-1,1,-1,1.862847
-1,-1,1,1,-1,1,1,-1,-1,1,1,-1,1,-1,1.753701
1,-1,1,1,-1,1,-1,-1,1,1,-1,-1,-1,1,2.256858
1,-1,-1,1,1,-1,1,1,-1,1,-1,-1,1,-1,1.809190
-1,1,1,-1,-1,-1,1,1,1,-1,1,1,-1,-1,2.480645
-1,1,1,1,-1,-1,1,-1,1,1,-1,-1,-1,1,2.178856
1,1,-1,-1,-1,1,-1,-1,1,-1,1,1,-1,1,2.484409
-1,1,1,1,-1,-1,1,1,-1,-1,1,-1,1,-1,1.897676
1,-1,1,-1,-1,1,1,1,-1,-1,1,1,-1,-1,2.100763
1,-1,-1,-1,1,1,1,-1,1,-1,-1,1,-1,1,1.903542
-1,1,1,1,-1,-1,-1,-1,1,1,-1,1,-1,1,2.348176
1,1,-1,-1,1,-1,1,1,-1,-1,-1,1,-1,1,2.027466
1,-1,-1,1,1,1,-1,-1,1,1,-1,-1,-1,1,2.277835
-1,1,-1,1,-1,1,-1,1,-1,-1,-1,1,1,1,2.435568
-1,1,-1,1,1,-1,1,-1,-1,1,1,-1,-1,1,1.372472
1,-1,-1,-1,1,1,-1,1,-1,-1,1,-1,1,1,2.308110
-1,1,1,-1,-1,1,1,-1,1,-1,-1,-1,1,1,1.984260
-1,1,1,1,-1,1,-1,-1,1,-1,1,1,-1,-1,2.303108
-1,1,-1,-1,1,1,1,-1,-1,1,1,1,-1,-1,2.401432
-1,1,-1,1,1,1,-1,1,-1,-1,1,1,-1,-1,2.396581
-1,1,1,-1,-1,1,-1,-1,1,-1,1,1,1,-1,2.068697
1,1,-1,1,-1,-1,1,-1,-1,1,1,-1,1,-1,1.902128
1,-1,-1,-1,1,1,-1,-1,1,1,-1,1,1,-1,2.123900
-1,1,-1,1,1,1,-1,-1,-1,1,-1,1,1,-1,1.927470
1,-1,1,1,-1,-1,1,1,-1,-1,-1,1,-1,1,1.968460
1,-1,1,-1,-1,1,-1,1,-1,1,1,-1,-1,1,1.235717
-1,-1,1,1,-1,1,-1,-1,1,1,1,-1,-1,1,2.081970
-1,1,1,1,-1,1,-1,-1,1,-1,1,-1,1,-1,1.707196
1,1,-1,-1,1,1,-1,1,-1,-1,1,-1,1,-1,2.016819
1,1,-1,-1,-1,1,1,-1,1,-1,-1,1,-1,1,1.837566
-1,1,-1,-1,1,1,-1,1,-1,1,-1,1,1,-1,1.356800
1,1,-1,-1,1,1,-1,-1,1,-1,1,1,-1,-1,2.268116
-1,1,1,-1,-1,1,-1,-1,1,-1,1,1,-1,1,1.809190
-1,1,-1,1,-1,1,1,-1,-1,-1,1,-1,1,1,1.950886
1,-1,1,-1,1,1,-1,1,-1,1,-1,-1,1,-1,1.717086
-1,1,-1,1,1,1,-1,1,-1,1,-1,-1,1,-1,2.115814
-1,1,1,-1,1,1,-1,-1,1,1,-1,-1,1,-1,1.845941
-1,1,-1,1,-1,1,1,-1,1,-1,-1,-1,1,1,1.734369
1,-1,1,-1,-1,1,-1,-1,1,1,-1,1,1,-1,1.616420
-1,1,1,-1,-1,1,-1,1,1,-1,-1,1,1,-1,1.474095
1,-1,1,-1,-1,1,1,-1,1,-1,1,1,-1,-1,1.571972
-1,1,1,1,-1,-1,-1,-1,1,1,-1,1,1,-1,2.500989
1,-1,-1,1,-1,1,1,1,-1,1,-1,-1,-1,1,2.226604
1,-1,1,-1,1,-1,1,-1,-1,-1,-1,1,1,1,2.999027
-1,1,1,-1,-1,-1,1,-1,1,1,-1,1,-1,1,1.850578
1,1,-1,-1,-1,1,1,-1,-1,1,-1,1,-1,1,1.803165
1,-1,-1,1,1,-1,-1,1,1,-1,1,-1,1,-1,1.319000
1,-1,1,-1,-1,1,-1,1,-1,1,-1,1,-1,1,0.924806
1,-1,1,-1,-1,1,1,-1,-1,-1,1,1,1,-1,1.980009
1,1,-1,-1,1,1,-1,-1,1,1,-1,-1,-1,1,2.451212
1,1,-1,-1,-1,1,1,-1,1,-1,-1,-1,1,1,2.452543
1,1,-1,-1,1,1,-1,-1,-1,1,-1,1,1,-1,2.204694
1,-1,-1,-1,1,1,-1,1,1,-1,1,1,-1,-1,2.280218
1,-1,1,1,-1,-1,-1,-1,1,1,1,-1,-1,1,2.482788
1,-1,-1,-1,1,-1,1,1,-1,1,-1,1,1,-1,1.933357
-1,1,-1,1,1,-1,1,-1,1,1,-1,-1,1,-1,1.423543
1,1,1,-1,-1,-1,1,-1,1,-1,1,-1,-1,1,2.648931
1,-1,-1,1,1,-1,-1,1,1,1,-1,1,-1,-1,2.233172
-1,-1,1,-1,1,1,-1,1,1,1,-1,-1,-1,1,2.753608
1,-1,1,-1,-1,1,1,-1,1,1,-1,-1,1,-1,1.540170
-1,1,1,-1,-1,1,1,-1,1,-1,1,-1,1,-1,1.173587
-1,1,-1,1,-1,-1,1,1,-1,-1,1,1,-1,1,1.640992
-1,1,-1,1,1,-1,1,1,-1,1,-1,1,-1,-1,2.147566
1,-1,-1,-1,1,1,1,-1,-1,-1,1,1,-1,1,2.367720
1,-1,-1,1,-1,1,-1,1,-1,-1,1,-1,1,1,1.705023
-1,-1,1,1,1,-1,1,-1,1,-1,1,-1,-1,1,1.714550
-1,1,1,-1,-1,1,1,-1,1,1,-1,1,-1,-1,2.091246
-1,-1,1,1,-1,1,-1,-1,1,1,-1,1,-1,1,1.699418
-1,1,-1,-1,1,1,-1,1,1,-1,1,-1,-1,1,1.604513
1,-1,-1,-1,1,1,-1,1,-1,1,1,1,-1,-1,2.317192
-1,1,-1,1,1,-1,-1,-1,1,-1,1,1,-1,1,1.893803
-1,1,-1,1,1,1,-1,-1,-1,1,1,-1,1,-1,1.851584
1,-1,1,1,-1,-1,-1,1,1,-1,1,-1,-1,1,1.746767
1,1,-1,1,-1,-1,-1,1,-1,1,1,-1,-1,1,2.182307
1,1,-1,-1,1,-1,-1,1,-1,1,-1,1,1,-1,1.667004
-1,1,-1,1,1,-1,-1,1,-1,1,-1,1,-1,1,1.037958
-1,1,-1,-1,1,-1,1,1,-1,1,-1,-1,1,1,2.059182
-1,1,-1,-1,1,1,1,1,-1,-1,-1,1,-1,1,2.378583
-1,1,-1,1,1,-1,-1,1,1,-1,1,-1,-1,1,1.365566
-1,1,-1,-1,1,-1,-1,1,1,1,-1,1,-1,1,2.625419
-1,-1,1,1,1,-1,-1,1,1,-1,1,-1,1,-1,1.803165
1,-1,1,-1,1,-1,1,-1,1,-1,1,-1,1,-1,0.686445
-1,1,-1,1,-1,-1,1,-1,1,1,1,-1,1,-1,1.789067
1,-1,1,-1,-1,1,1,-1,-1,1,1,-1,1,-1,1.340423
1,-1,-1,1,-1,1,-1,1,1,-1,-1,1,1,-1,1.344652
-1,1,1,1,-1,1,-1,-1,1,-1,-1,1,-1,1,2.010607
-1,1,1,-1,1,1,-1,-1,1,-1,1,-1,-1,1,1.549437
1,-1,1,-1,1,-1,1,-1,1,1,-1,1,-1,-1,1.516065
-1,1,-1,1,1,1,-1,1,-1,1,-1,-1,-1,1,2.448643
-1,-1,1,1,1,1,-1,-1,1,-1,1,-1,1,-1,2.157696
1,1,-1,1,-1,1,-1,-1,1,-1,-1,1,-1,1,2.141620
1,-1,1,-1,1,1,-1,-1,-1,1,-1,-1,1,1,2.111460
-1,1,-1,-1,1,1,1,1,-1,-1,1,-1,1,-1,2.156532
-1,1,1,-1,-1,1,1,-1,-1,-1,1,1,1,-1,2.078034
-1,1,-1,1,1,-1,1,-1,-1,-1,1,1,-1,1,1.688236
-1,-1,1,1,-1,1,1,-1,1,1,-1,-1,1,-1,2.087247
1,1,-1,-1,-1,1,-1,1,-1,1,1,-1,-1,1,1.844728
1,1,-1,1,-1,-1,1,-1,1,1,-1,-1,-1,1,2.304212
-1,1,-1,1,-1,1,-1,1,-1,1,1,-1,1,-1,0.924566
1,1,-1,-1,1,-1,-1,-1,1,1,1,-1,1,-1,2.351428
-1,1,1,-1,1,1,-1,1,-1,-1,1,-1,-1,1,1.897893
-1,1,-1,1,1,-1,1,-1,-1,-1,1,1,1,-1,1.902952
-1,1,-1,-1,1,1,-1,1,1,-1,-1,-1,1,1,2.150550
1,-1,-1,1,1,-1,-1,-1,1,1,-1,1,-1,1,1.711824
-1,1,-1,1,-1,-1,1,1,-1,-1,1,1,1,-1,1.882699
-1,1,1,-1,1,-1,1,-1,1,1,-1,-1,1,-1,1.358906
1,-1,1,-1,1,1,-1,-1,1,1,-1,1,-1,-1,2.043442
1,1,-1,-1,1,-1,1,-1,1,1,-1,-1,-1,1,1.936160
-1,-1,1,1,-1,1,-1,1,1,-1,-1,-1,1,1,2.193142
-1,1,1,1,-1,-1,1,-1,1,-1,-1,1,-1,1,1.649364
-1,1,1,-1,-1,1,-1,-1,1,1,-1,1,1,-1,1.695057
-1,1,-1,-1,1,-1,1,1,-1,-1,1,1,-1,1,1.988063
-1,1,-1,-1,1,1,-1,-1,1,1,1,-1,-1,1,2.020572
1,-1,1,1,-1,-1,-1,1,-1,1,-1,1,-1,1,1.524882
1,-1,1,1,-1,-1,1,-1,1,-1,-1,1,1,-1,1.502511
-1,1,1,-1,-1,-1,1,1,-1,1,1,-1,-1,1,1.870386
1,-1,-1,1,1,-1,1,-1,1,1,-1,-1,1,-1,1.504614
-1,1,1,-1,-1,1,-1,1,1,-1,-1,-1,1,1,1.933604
-1,1,-1,1,-1,1,1,-1,-1,-1,1,1,1,-1,1.796197
1,1,-1,-1,1,-1,-1,1,-1,1,-1,1,-1,1,1.506383
-1,1,1,1,-1,-1,-1,1,1,-1,1,-1,-1,1,1.974658
-1,1,1,1,-1,-1,-1,1,-1,1,1,-1,-1,1,2.013720
-1,-1,1,1,-1,1,1,1,-1,-1,1,-1,-1,1,2.288998
-1,1,1,1,-1,-1,1,-1,1,-1,-1,-1,1,1,2.317192
-1,1,-1,1,-1,1,-1,-1,1,1,1,1,-1,-1,2.156249
1,1,-1,-1,1,-1,1,1,-1,1,-1,-1,1,-1,2.053242
-1,-1,1,1,-1,-1,1,1,-1,1,1,-1,-1,1,2.024381
1,-1,-1,-1,1,1,1,-1,-1,1,-1,-1,1,1,2.381455
1,-1,1,-1,1,-1,-1,-1,1,1,-1,1,1,-1,1.691714
1,1,-1,1,-1,-1,1,-1,-1,-1,1,1,1,-1,2.753608
1,-1,1,-1,1,1,-1,1,-1,1,-1,-1,-1,1,2.060004
1,-1,-1,1,1,-1,1,-1,-1,1,-1,-1,1,1,1.806709
-1,-1,1,-1,1,1,1,-1,1,-1,1,-1,1,-1,1.933114
-1,1,-1,1,1,-1,-1,1,-1,1,-1,-1,1,1,1.571972
1,-1,-1,1,1,1,-1,-1,1,1,-1,-1,1,-1,2.035899
1,-1,1,1,-1,-1,1,-1,-1,1,-1,-1,1,1,2.067717
-1,1,-1,1,-1,1,-1,1,1,-1,-1,-1,1,1,1.614502
1,-1,1,-1,-1,-1,1,1,-1,1,-1,-1,1,1,2.019824
1,-1,1,1,-1,-1,1,-1,-1,1,1,1,-1,-1,2.150550
1,-1,1,1,-1,-1,1,-1,-1,-1,1,1,-1,1,2.112624
1,-1,-1,1,-1,1,-1,1,-1,1,-1,1,-1,1,0.868966
1,1,-1,-1,-1,-1,1,1,-1,1,-1,1,1,-1,2.340834
-1,1,-1,1,1,-1,-1,-1,1,-1,1,-1,1,1,2.293205
1,-1,-1,1,-1,1,-1,-1,1,-1,1,-1,1,1,2.043630
-1,1,-1,1,-1,-1,1,1,1,1,-1,-1,1,-1,2.158565
-1,1,-1,1,1,-1,1,1,-1,-1,1,-1,-1,1,1.616420
-1,-1,1,1,1,-1,-1,1,-1,1,1,-1,1,-1,1.837566
1,1,-1,-1,1,1,-1,-1,1,-1,-1,1,-1,1,1.960110
-1,1,-1,1,1,-1,1,-1,1,1,-1,1,-1,-1,1.787078
1,-1,1,-1,-1,1,1,-1,1,-1,-1,1,1,-1,1.345577
1,1,-1,-1,1,1,-1,-1,1,1,-1,-1,1,-1,2.208985
1,1,-1,-1,1,1,-1,-1,-1,1,1,-1,-1,1,2.259547
1,1,-1,-1,-1,1,1,-1,1,1,-1,-1,1,-1,2.147359
1,-1,-1,1,-1,-1,1,1,-1,1,1,1,-1,-1,2.311850
-1,1,1,-1,1,-1,-1,1,1,-1,1,1,-1,-1,1.754378
1,-1,1,1,-1,-1,-1,1,1,-1,-1,-1,1,1,2.401432
-1,1,1,-1,1,1,1,-1,-1,-1,1,-1,1,-1,2.586043
1,-1,1,-1,1,-1,1,1,-1,-1,-1,1,-1,1,1.472098
-1,1,-1,1,1,1,-1,-1,-1,1,1,-1,-1,1,1.993073
-1,-1,1,-1,1,1,1,-1,1,-1,1,-1,-1,1,2.082383
-1,-1,1,1,-1,1,-1,1,1,1,-1,-1,1,-1,2.124674
1,-1,-1,1,1,-1,1,-1,-1,1,1,-1,1,-1,1.345673
-1,1,1,-1,1,-1,-1,1,1,-1,-1,1,1,-1,1.479168
1,-1,1,1,-1,-1,1,-1,-1,1,-1,1,-1,1,1.466844
1,-1,-1,1,1,-1,-1,1,-1,1,-1,1,1,-1,1.346084
-1,1,-1,1,1,-1,1,-1,-1,1,-1,1,-1,1,1.125819
1,-1,1,-1,-1,-1,1,1,1,-1,1,-1,1,-1,1.769747
1,-1,-1,-1,1,1,-1,1,-1,1,-1,-1,1,1,1.952968
1,-1,1,-1,-1,-1,1,1,-1,1,-1,1,-1,1,1.472319
-1,1,-1,1,-1,-1,-1,1,1,-1,1,1,-1,1,2.592995
1,1,-1,-1,-1,-1,1,1,-1,1,-1,1,-1,1,2.157696
-1,1,1,-1,-1,1,-1,1,1,-1,1,-1,1,-1,1.236191
1,1,-1,-1,1,-1,-1,1,1,-1,-1,1,-1,1,1.753701
1,-1,-1,1,-1,1,-1,1,-1,1,-1,-1,1,1,1.396802
-1,1,1,-1,-1,-1,1,1,-1,1,1,-1,1,-1,1.797764
1,-1,-1,1,-1,-1,1,1,1,-1,1,1,-1,-1,2.293774
-1,-1,1,1,-1,-1,1,1,1,-1,-1,1,-1,1,2.098369
-1,-1,1,1,-1,1,1,-1,-1,-1,1,1,1,-1,2.351756
-1,1,1,-1,-1,1,-1,1,-1,-1,1,1,1,-1,1.732180
1,1,-1,-1,1,-1,1,1,-1,-1,1,-1,1,-1,1.699418
1,-1,1,-1,1,-1,-1,1,-1,1,-1,-1,1,1,1.491408
-1,1,-1,1,-1,1,1,-1,-1,1,1,-1,-1,1,1.318683
-1,1,1,-1,1,-1,1,-1,1,-1,1,-1,1,-1,0.868966
-1,-1,1,1,-1,1,1,-1,-1,-1,1,1,-1,1,2.150182
1,-1,-1,1,-1,-1,1,1,1,1,-1,-1,-1,1,2.531503
-1,1,-1,1,1,-1,1,1,-1,-1,1,-1,1,-1,1.426015
1,-1,-1,1,-1,1,1,-1,1,1,-1,-1,1,-1,1.607175
1,-1,-1,1,1,-1,-1,1,-1,1,1,1,-1,-1,1.984260
1,1,-1,1,-1,-1,1,-1,-1,1,-1,1,1,-1,1.985097
1,1,-1,1,-1,-1,1,1,-1,-1,-1,1,-1,1,2.353725
1,-1,1,-1,1,-1,-1,1,1,-1,1,-1,-1,1,1.208976
1,1,-1,-1,-1,1,1,-1,-1,1,1,-1,1,-1,1.931630
-1,-1,1,1,-1,1,-1,-1,1,-1,1,1,1,-1,2.299122
1,-1,1,1,-1,1,-1,1,-1,-1,1,-1,-1,1,2.008502
1,-1,-1,1,-1,1,-1,1,1,-1,1,1,-1,-1,1.669559
-1,-1,1,1,-1,-1,1,1,-1,-1,1,1,-1,1,2.208985
1,1,-1,-1,1,-1,-1,1,1,-1,1,-1,-1,1,1.748299
1,-1,1,-1,1,1,-1,-1,-1,1,1,1,-1,-1,2.179658
1,-1,1,1,-1,1,-1,-1,1,-1,-1,-1,1,1,2.444263
-1,1,1,-1,1,-1,-1,-1,1,1,-1,1,1,-1,1.825663
1,-1,1,-1,1,-1,-1,1,-1,1,1,-1,-1,1,1.234290
1,-1,-1,1,-1,1,1,-1,1,-1,-1,1,-1,1,1.280545
-1,1,1,-1,-1,1,-1,1,1,1,-1,-1,1,-1,1.819503
-1,1,-1,-1,1,1,-1,1,-1,-1,1,-1,1,1,2.079585
-1,1,-1,1,1,-1,-1,1,1,-1,-1,1,-1,1,1.340423
1,-1,-1,1,1,-1,1,-1,-1,1,-1,1,1,-1,1.386583
1,-1,1,1,-1,1,-1,-1,-1,1,-1,1,-1,1,1.875201
-1,1,1,-1,-1,1,1,-1,-1,1,1,-1,-1,1,1.580732
1,-1,1,-1,1,-1,1,1,1,-1,-1,-1,-1,1,2.646147
-1,1,-1,1,1,1,-1,-1,1,1,-1,-1,-1,1,2.205761
1,1,-1,-1,-1,1,1,-1,1,-1,1,1,-1,-1,2.193368
-1,1,-1,-1,1,1,1,-1,-1,1,1,-1,-1,1,1.861243
-1,1,1,-1,1,1,-1,-1,-1,-1,1,1,-1,1,2.321520
-1,1,-1,1,1,-1,1,1,-1,-1,1,1,-1,-1,1.966142
-1,1,1,-1,-1,1,-1,1,-1,-1,1,-1,1,1,1.867753
1,-1,1,-1,-1,-1,1,1,-1,1,1,-1,1,-1,1.725541
-1,-1,1,1,1,-1,1,1,-1,-1,-1,1,-1,1,2.355786
1,-1,1,-1,1,-1,1,-1,1,-1,1,-1,-1,1,0.868442
1,-1,1,-1,-1,1,1,1,-1,-1,-1,1,1,-1,1.934373
-1,-1,1,-1,1,1,1,-1,-1,1,-1,1,-1,1,1.950330
1,-1,1,-1,1,1,-1,1,-1,1,-1,1,-1,-1,2.150808
1,1,-1,-1,1,1,-1,-1,1,-1,-1,1,1,-1,2.024381
1,1,-1,-1,-1,1,-1,-1,1,1,-1,1,1,-1,2.274091
-1,1,1,-1,-1,-1,1,1,1,-1,-1,1,-1,1,1.933920
-1,-1,1,1,-1,1,-1,-1,1,1,1,-1,1,-1,2.027466
1,1,-1,-1,-1,1,1,-1,-1,1,-1,-1,1,1,2.378714
-1,1,1,-1,1,1,-1,-1,-1,1,1,-1,-1,1,1.894446
1,-1,-1,1,-1,-1,1,1,1,-1,1,-1,-1,1,1.826101
1,-1,1,-1,1,-1,1,-1,1,-1,-1,-1,1,1,1.542628
1,1,-1,-1,-1,1,1,-1,1,-1,1,-1,1,-1,1.613117
1,-1,1,-1,1,1,-1,-1,-1,-1,1,1,-1,1,2.158565
1,-1,-1,1,1,-1,-1,1,-1,-1,1,1,1,-1,1.919209
1,-1,-1,1,-1,1,1,-1,-1,1,1,1,-1,-1,1.965520
1,1,-1,-1,1,-1,1,-1,-1,-1,1,1,-1,1,2.124674
-1,1,1,1,-1,-1,-1,1,-1,1,-1,-1,1,1,2.319370
1,-1,1,-1,1,-1,-1,-1,1,1,-1,1,-1,1,1.510960
-1,-1,1,1,1,-1,-1,1,-1,1,1,1,-1,-1,2.452543
-1,-1,1,1,1,-1,-1,1,1,1,-1,-1,1,-1,2.408796
1,-1,-1,-1,1,1,-1,1,1,-1,1,-1,-1,1,1.831111
1,1,-1,-1,1,-1,-1,1,1,-1,1,1,-1,-1,2.159197
-1,1,-1,-1,1,1,-1,1,-1,1,1,-1,1,-1,1.421095
1,1,-1,1,-1,1,-1,-1,1,-1,1,-1,-1,1,2.040103
1,-1,-1,1,1,-1,-1,1,1,-1,-1,-1,1,1,2.050548
1,1,-1,-1,1,1,-1,-1,-1,1,-1,1,-1,1,2.087056
-1,1,-1,1,-1,1,-1,1,1,1,1,-1,-1,-1,2.999027
1,-1,-1,1,1,1,-1,-1,-1,1,1,-1,1,-1,1.933920
-1,1,1,-1,1,-1,1,-1,-1,-1,1,1,1,-1,1.898707
1,1,-1,-1,-1,1,-1,1,1,-1,1,1,-1,-1,2.304426
1,-1,1,-1,1,1,1,-1,-1,-1,1,-1,-1,1,2.553881
-1,1,1,-1,-1,1,1,-1,1,-1,1,1,-1,-1,1.711377
1,-1,-1,1,1,-1,-1,-1,1,1,-1,1,1,-1,1.913313
1,-1,-1,1,1,-1,-1,-1,1,-1,1,1,-1,1,2.080435
1,-1,1,-1,-1,1,1,-1,-1,1,1,1,-1,-1,1.934781
-1,1,-1,1,-1,1,1,-1,-1,1,1,1,-1,-1,1.802424
1,-1,1,-1,-1,1,1,1,-1,-1,1,-1,-1,1,1.755734
-1,1,1,-1,1,-1,-1,-1,1,1,1,1,-1,-1,2.598309
1,-1,-1,1,-1,-1,1,-1,1,1,-1,1,-1,1,1.654264
-1,-1,1,1,-1,1,-1,1,-1,1,-1,1,1,-1,1.394145
-1,1,-1,-1,1,-1,1,-1,1,1,1,-1,1,-1,2.139197
1,-1,-1,1,-1,1,-1,-1,1,-1,1,1,1,-1,1.957337
-1,-1,1,1,1,-1,-1,1,-1,1,-1,1,-1,1,1.613117
1,-1,-1,1,1,-1,1,-1,-1,1,1,1,-1,-1,1.933604
1,1,-1,1,-1,1,-1,-1,1,-1,-1,1,1,-1,2.192395
1,1,-1,-1,-1,-1,1,1,-1,1,1,-1,1,-1,2.379109
1,-1,-1,-1,1,1,1,-1,1,-1,1,-1,1,-1,1.726308
1,1,-1,-1,1,-1,1,-1,-1,1,-1,1,-1,1,1.490538
1,-1,1,1,-1,-1,1,1,-1,1,-1,-1,-1,1,2.268951
-1,-1,1,1,-1,-1,1,1,1,-1,1,-1,1,-1,2.087056
-1,1,-1,1,-1,-1,1,-1,1,-1,1,-1,1,1,2.150808
1,-1,-1,1,-1,-1,-1,1,1,1,-1,1,-1,1,2.586043
1,-1,-1,1,1,-1,-1,1,1,-1,1,-1,-1,1,1.479088
-1,-1,1,-1,1,-1,1,1,-1,1,-1,1,1,-1,2.040103
1,-1,-1,-1,1,1,1,-1,1,-1,1,-1,-1,1,1.897417
1,1,-1,-1,-1,1,-1,-1,1,1,-1,1,-1,1,2.086580
-1,1,-1,1,-1,1,1,1,-1,-1,-1,1,-1,1,1.775302
-1,-1,1,1,1,-1,-1,1,1,-1,-1,1,1,-1,2.047238
-1,1,1,-1,-1,-1,1,1,1,-1,-1,1,1,-1,2.064273
-1,1,1,-1,1,-1,-1,1,-1,-1,1,-1,1,1,2.000658
-1,1,1,1,-1,-1,-1,1,1,-1,-1,1,-1,1,1.979367
-1,1,1,-1,1,1,-1,1,-1,1,-1,-1,1,-1,2.000329
1,-1,1,-1,1,1,-1,-1,-1,1,1,-1,1,-1,1.563571
-1,-1,1,-1,1,1,-1,1,-1,1,-1,-1,1,1,2.125213
1,-1,-1,1,-1,1,-1,1,-1,1,1,-1,1,-1,1.100801
1,-1,1,-1,1,-1,1,-1,-1,-1,1,-1,1,1,1.977501
-1,1,-1,1,1,-1,1,-1,1,-1,-1,1,-1,1,1.140457
1,-1,-1,1,-1,1,-1,1,-1,-1,1,1,-1,1,1.358906
-1,1,-1,-1,-1,1,1,1,-1,1,-1,1,1,-1,2.595632
1,-1,-1,1,-1,1,1,-1,-1,1,-1,1,1,-1,1.373693
1,-1,1,-1,1,1,-1,-1,-1,-1,1,1,1,-1,2.350107
1,1,-1,1,-1,-1,-1,1,1,-1,1,-1,1,-1,1.950330
-1,1,-1,1,-1,1,1,1,-1,1,-1,-1,1,-1,1.895467
-1,1,-1,-1,1,1,1,-1,-1,1,-1,1,1,-1,1.746767
1,-1,1,-1,1,1,-1,-1,-1,1,-1,1,1,-1,1.642710
1,-1,1,-1,-1,-1,1,1,-1,-1,1,1,-1,1,1.969252
1,-1,1,-1,1,-1,-1,1,1,-1,-1,1,-1,1,1.208250
-1,1,-1,1,1,-1,-1,1,-1,-1,1,-1,1,1,1.910123
-1,1,-1,1,-1,-1,1,1,1,-1,-1,1,-1,1,1.563571
-1,-1,1,1,-1,1,-1,1,1,1,-1,-1,-1,1,2.307542
-1,1,-1,1,1,-1,1,-1,1,1,1,-1,-1,-1,2.749146
1,-1,-1,1,-1,1,1,-1,-1,1,-1,1,-1,1,1.209774
1,-1,1,-1,-1,1,1,-1,1,-1,1,-1,1,-1,1.037958
1,-1,-1,1,1,1,-1,-1,-1,1,1,-1,-1,1,2.064273
1,1,-1,1,-1,-1,-1,1,-1,1,-1,1,-1,1,1.933114
-1,-1,1,1,1,1,-1,-1,-1,1,-1,1,-1,1,2.457652
-1,1,-1,1,-1,1,1,-1,-1,1,-1,-1,1,1,1.583883
-1,-1,1,1,1,-1,-1,1,-1,1,-1,1,1,-1,1.787977
-1,1,-1,-1,1,1,-1,1,-1,1,1,1,-1,-1,2.063967
-1,1,-1,-1,1,1,-1,1,-1,1,-1,-1,1,1,1.713464
1,-1,-1,1,1,-1,1,-1,-1,1,1,-1,-1,1,1.474095
-1,1,-1,1,1,1,-1,-1,-1,1,-1,-1,1,1,2.395689
-1,1,-1,1,-1,1,-1,1,1,-1,-1,1,-1,1,1.037632
1,-1,-1,1,1,1,-1,-1,-1,1,-1,1,-1,1,1.854068
1,1,-1,-1,-1,1,1,-1,1,-1,-1,1,1,-1,1.933256
1,-1,-1,1,-1,1,-1,-1,1,1,-1,-1,1,1,1.887650
-1,1,-1,1,-1,-1,-1,1,1,1,-1,1,1,-1,2.553881
1,-1,1,-1,-1,1,-1,1,1,-1,-1,1,1,-1,1.372472
1,-1,-1,1,-1,1,1,-1,-1,1,1,-1,-1,1,1.479168
-1,-1,1,-1,1,1,-1,1,-1,1,1,-1,1,-1,1.775763
1,-1,1,-1,1,1,-1,-1,1,-1,1,-1,-1,1,1.350684
-1,1,-1,1,-1,1,-1,-1,1,-1,-1,1,1,1,2.697648
1,-1,1,-1,1,-1,-1,1,-1,1,-1,1,1,-1,1.112673
-1,-1,1,1,1,-1,1,-1,1,-1,-1,1,1,-1,1.844728
-1,1,-1,-1,1,-1,1,-1,1,-1,1,1,-1,1,2.118497
-1,1,1,-1,1,-1,-1,1,-1,1,1,-1,-1,1,1.385989
-1,-1,1,1,-1,1,-1,1,-1,1,1,-1,-1,1,1.539539
-1,1,-1,1,1,-1,-1,-1,1,1,-1,1,-1,1,1.564867
1,-1,1,-1,1,1,-1,1,-1,-1,-1,1,-1,1,1.789067
-1,1,-1,1,-1,-1,1,1,1,1,-1,-1,-1,1,2.350107
1,1,-1,-1,1,-1,-1,-1,1,1,1,-1,-1,1,2.432162
-1,1,1,-1,-1,1,1,1,-1,-1,-1,1,1,-1,2.065007
-1,1,-1,-1,1,-1,1,1,-1,1,-1,1,-1,1,1.457307
-1,1,1,-1,1,-1,1,1,-1,-1,-1,1,-1,1,1.657156
-1,-1,1,1,-1,-1,1,-1,1,-1,1,1,-1,1,2.336327
1,-1,1,-1,1,-1,-1,-1,1,1,1,-1,-1,1,1.851576
-1,1,-1,1,-1,1,-1,-1,1,1,1,-1,1,-1,1.472098
1,1,-1,-1,-1,1,1,-1,1,1,-1,-1,-1,1,2.354453
1,-1,-1,1,1,-1,1,1,-1,-1,-1,-1,1,1,2.463323
1,-1,-1,-1,1,1,-1,1,-1,1,-1,1,1,-1,1.590707
-1,1,-1,1,-1,-1,-1,1,1,1,-1,1,-1,1,2.293386
1,-1,1,-1,1,-1,1,-1,1,-1,1,1,-1,-1,1.213129
-1,1,1,-1,-1,-1,1,1,-1,1,-1,-1,1,1,2.121429
-1,1,-1,1,-1,-1,1,1,1,-1,1,-1,-1,1,1.642710
-1,1,1,-1,-1,1,1,-1,-1,1,-1,1,-1,1,1.319000
1,-1,-1,-1,1,1,1,-1,1,-1,1,1,-1,-1,2.319370
-1,1,1,-1,-1,1,1,-1,1,-1,1,-1,-1,1,1.346084
-1,1,-1,1,1,-1,-1,1,1,-1,1,-1,1,-1,1.208665
-1,1,1,1,-1,1,-1,-1,-1,1,1,-1,1,-1,2.124387
-1,1,-1,1,1,-1,-1,1,-1,1,1,-1,1,-1,1.247751
-1,-1,1,1,-1,1,1,-1,-1,1,1,1,-1,-1,2.373395
-1,1,1,-1,1,-1,1,1,-1,-1,1,-1,1,-1,1.353040
-1,1,-1,1,-1,1,1,-1,1,-1,-1,1,1,-1,1.234290
-1,-1,1,1,-1,-1,1,-1,1,1,-1,1,1,-1,2.225566
1,-1,1,1,-1,-1,-1,1,-1,1,-1,1,1,-1,1.684147
1,-1,1,1,-1,-1,1,-1,1,1,-1,1,-1,-1,2.079585
-1,1,-1,1,1,1,-1,-1,1,-1,1,-1,-1,1,1.656122
1,1,-1,-1,1,-1,-1,1,-1,1,-1,-1,1,1,2.088135
-1,1,1,-1,-1,1,-1,1,-1,1,1,1,-1,-1,1.861051
-1,1,-1,-1,1,1,1,-1,-1,-1,1,1,-1,1,2.126536
1,1,-1,1,-1,-1,1,1,-1,-1,-1,1,1,-1,2.407285
1,-1,1,-1,-1,-1,1,-1,1,1,-1,-1,1,1,2.396581
1,-1,-1,1,-1,1,1,-1,1,1,-1,-1,-1,1,1.832798
1,-1,1,-1,-1,-1,1,-1,1,-1,1,1,-1,1,2.115814
-1,-1,1,1,1,1,-1,-1,-1,1,1,-1,1,-1,2.552551
-1,1,1,-1,-1,1,1,-1,1,1,-1,-1,1,-1,1.684892
-1,1,1,-1,-1,1,1,-1,-1,-1,1,1,-1,1,1.862847
-1,1,-1,1,-1,1,-1,-1,-1,1,1,1,1,-1,2.646147
-1,1,1,-1,-1,-1,1,-1,1,1,1,-1,1,-1,2.174280
-1,1,1,-1,1,-1,-1,1,1,1,-1,-1,1,-1,1.751519
1,-1,1,-1,1,-1,-1,-1,1,1,-1,-1,1,1,2.089520
-1,-1,1,1,1,-1,1,1,-1,-1,1,-1,-1,1,2.274091
1,1,-1,-1,1,-1,-1,1,-1,1,1,-1,-1,1,1.784080
-1,1,-1,1,1,1,-1,-1,1,-1,-1,1,-1,1,1.725541
1,-1,-1,-1,1,-1,1,1,1,-1,1,-1,-1,1,2.217152
1,-1,1,-1,1,-1,1,-1,-1,1,1,-1,1,-1,1.037632
1,-1,-1,1,-1,1,-1,1,1,1,-1,1,-1,-1,2.097225
-1,-1,1,1,-1,1,-1,1,-1,1,1,1,-1,-1,2.104999
-1,1,-1,1,1,-1,1,-1,-1,1,1,-1,1,-1,1.247191
1,-1,1,1,-1,-1,-1,-1,1,1,-1,1,1,-1,2.317946
1,1,-1,1,-1,1,-1,-1,-1,1,1,-1,1,-1,2.295669
1,1,-1,-1,1,-1,-1,1,1,-1,-1,1,1,-1,1.860661
-1,1,-1,1,-1,1,1,-1,-1,1,-1,1,1,-1,1.208976
-1,1,-1,1,-1,1,-1,1,-1,1,1,-1,-1,1,1.011389
1,-1,-1,1,1,-1,1,-1,1,1,-1,-1,-1,1,1.732180
1,-1,-1,1,-1,1,1,-1,1,-1,1,-1,-1,1,1.260835
1,-1,1,-1,1,-1,1,1,1,-1,-1,-1,1,-1,2.378157
-1,1,1,-1,-1,-1,1,1,-1,1,-1,1,-1,1,1.539234
1,-1,1,-1,-1,1,1,1,-1,1,-1,1,-1,-1,2.293205
-1,1,-1,-1,1,1,-1,1,1,-1,-1,1,-1,1,1.538373
-1,1,1,-1,-1,1,-1,1,-1,1,1,-1,1,-1,1.236665
-1,-1,1,1,1,-1,-1,1,1,-1,-1,1,-1,1,1.931630
1,-1,1,1,-1,-1,-1,1,1,1,-1,-1,-1,1,2.365448
-1,1,1,-1,1,-1,1,-1,1,-1,-1,1,1,-1,1.190029
-1,1,-1,-1,-1,1,1,-1,1,1,-1,1,-1,1,2.638534
-1,1,-1,-1,1,-1,1,-1,1,1,-1,1,1,-1,2.008502
1,1,-1,-1,1,-1,1,-1,1,1,-1,1,-1,-1,2.148866
-1,-1,1,1,1,-1,1,-1,-1,1,1,-1,1,-1,1.853338
-1,1,-1,-1,1,1,1,-1,1,-1,-1,1,-1,1,1.684251
-1,1,1,1,-1,1,-1,-1,-1,1,-1,1,1,-1,2.217152
-1,1,-1,1,-1,1,-1,1,1,1,-1,1,-1,-1,1.977501
-1,-1,1,-1,1,1,1,-1,-1,1,1,-1,-1,1,2.225401
1,1,-1,-1,1,-1,1,1,-1,-1,1,-1,-1,1,1.892981
1,1,-1,-1,1,-1,1,1,-1,-1,1,1,-1,-1,2.296779
1,-1,1,-1,1,-1,-1,-1,1,1,1,-1,1,-1,1.775302
-1,1,-1,1,1,-1,1,1,-1,-1,-1,1,-1,1,1.714792
1,-1,-1,1,1,-1,-1,1,-1,1,1,-1,-1,1,1.474034
1,1,-1,-1,1,1,-1,1,-1,-1,-1,1,1,-1,2.392829
1,-1,1,-1,-1,1,1,-1,1,-1,-1,-1,1,1,1.853284
-1,-1,1,-1,1,1,-1,1,-1,-1,1,1,1,-1,2.304212
-1,-1,1,1,1,-1,1,-1,1,1,-1,-1,-1,1,2.319240
-1,-1,1,-1,1,1,1,-1,1,-1,1,1,-1,-1,2.580021
1,1,-1,-1,1,-1,-1,1,1,1,-1,-1,1,-1,2.150182
-1,1,-1,1,-1,-1,1,1,-1,-1,1,-1,1,1,2.043442
-1,1,1,-1,1,-1,1,-1,-1,-1,1,1,-1,1,1.686523
-1,1,1,-1,1,1,-1,-1,-1,1,-1,1,-1,1,1.688783
-1,1,1,-1,1,-1,-1,1,1,-1,-1,-1,1,1,1.965520
-1,1,-1,-1,1,1,1,-1,1,1,-1,-1,-1,1,2.328233
-1,1,-1,1,-1,1,-1,1,1,-1,1,-1,1,-1,0.947127
-1,1,1,-1,-1,1,-1,1,1,-1,-1,1,-1,1,1.345673
-1,-1,1,1,-1,-1,1,1,1,-1,-1,1,1,-1,2.259547
1,-1,-1,1,1,-1,1,1,-1,-1,1,1,-1,-1,2.044280
-1,1,1,1,-1,-1,1,-1,-1,1,1,1,-1,-1,2.383417
1,1,-1,-1,1,-1,-1,1,1,-1,1,-1,1,-1,1.581913
-1,1,1,-1,1,1,-1,1,-1,-1,1,-1,1,-1,1.654264
-1,-1,1,1,1,1,-1,-1,1,-1,-1,1,1,-1,2.481903
-1,1,1,1,-1,-1,1,-1,-1,1,-1,-1,1,1,2.280218
-1,1,1,-1,1,-1,-1,1,-1,-1,1,1,-1,1,1.607175
-1,1,-1,-1,1,1,-1,-1,1,1,1,-1,1,-1,1.968460
1,-1,1,1,-1,-1,1,-1,1,-1,-1,1,-1,1,1.421095
1,-1,1,-1,-1,1,-1,1,-1,-1,1,-1,1,1,1.787078
-1,1,1,-1,1,1,-1,-1,-1,1,-1,1,1,-1,1.826101
1,-1,1,-1,-1,1,-1,1,-1,1,1,-1,1,-1,1.140457
1,-1,1,-1,1,-1,1,-1,-1,-1,1,1,1,-1,1.727140
1,-1,-1,1,-1,1,-1,1,1,1,-1,-1,-1,1,1.898707
1,-1,1,-1,-1,1,-1,1,1,1,-1,-1,1,-1,1.688236
1,1,-1,-1,-1,1,-1,1,-1,1,-1,-1,1,1,2.121424
1,1,-1,1,-1,-1,1,1,-1,-1,1,-1,-1,1,2.242344
-1,1,-1,-1,1,1,1,-1,-1,-1,1,-1,1,1,2.526102
1,-1,-1,1,1,-1,1,1,-1,-1,1,-1,1,-1,1.503016
1,-1,-1,1,1,-1,1,-1,1,-1,-1,1,1,-1,1.328519
1,-1,1,1,-1,-1,-1,1,1,1,-1,-1,1,-1,2.126536
1,-1,-1,1,1,1,-1,-1,-1,1,-1,1,1,-1,2.001221
-1,1,1,-1,1,-1,1,-1,-1,1,1,-1,1,-1,1.212384
-1,-1,1,1,-1,1,-1,-1,1,1,-1,1,1,-1,1.892981
-1,1,-1,-1,1,1,-1,1,-1,1,1,-1,-1,1,1.502511
-1,1,1,-1,1,1,-1,-1,1,1,-1,1,-1,-1,2.244453
-1,1,-1,1,1,1,-1,-1,-1,-1,1,1,-1,1,2.403343
1,1,-1,-1,-1,1,1,-1,1,-1,1,-1,-1,1,1.787977
1,-1,-1,1,-1,-1,1,-1,1,1,-1,1,1,-1,1.897893
1,-1,1,-1,-1,1,-1,1,-1,1,-1,1,1,-1,1.100575
1,1,-1,-1,-1,1,-1,1,-1,-1,1,1,1,-1,2.319240
-1,1,-1,1,1,-1,1,-1,-1,1,1,1,-1,-1,1.828035
1,-1,-1,1,-1,1,1,1,-1,1,-1,-1,1,-1,2.003293
1,-1,-1,-1,1,1,-1,1,1,-1,1,-1,1,-1,1.681998
1,-1,-1,1,1,-1,-1,1,-1,-1,1,-1,1,1,2.091246
1,-1,1,-1,-1,1,1,-1,-1,1,-1,1,1,-1,1.365566
1,1,-1,-1,1,-1,1,-1,-1,-1,1,1,1,-1,2.307542
-1,1,-1,1,-1,-1,1,1,-1,1,-1,-1,1,1,1.700320
1,-1,1,-1,1,1,-1,-1,-1,1,-1,1,-1,1,1.509058
-1,1,-1,1,1,-1,-1,-1,1,1,1,-1,-1,1,1.934373
-1,1,-1,1,1,1,-1,-1,1,-1,1,-1,1,-1,1.472319
1,-1,-1,1,-1,-1,1,-1,1,-1,1,1,-1,1,2.000329
1,-1,1,1,-1,1,1,-1,-1,-1,1,-1,1,-1,2.625419
1,-1,1,-1,1,-1,-1,1,1,1,-1,-1,1,-1,1.577494
-1,1,-1,1,1,-1,1,1,-1,1,-1,-1,1,-1,1.744439
-1,1,-1,1,-1,-1,1,1,1,-1,-1,-1,1,1,2.179658
-1,1,1,-1,1,-1,-1,1,-1,-1,1,1,1,-1,1.832798
-1,1,-1,1,-1,1,-1,1,1,-1,1,1,-1,-1,1.509591
1,-1,-1,1,-1,1,-1,-1,1,1,1,1,-1,-1,2.344929
1,-1,-1,-1,1,1,-1,1,1,-1,-1,-1,1,1,2.383417
1,-1,1,-1,-1,1,-1,1,-1,1,1,1,-1,-1,1.763233
-1,1,1,-1,1,-1,-1,1,1,1,-1,-1,-1,1,1.976172
-1,1,-1,1,-1,-1,1,1,-1,1,1,-1,1,-1,1.425670
-1,1,-1,1,1,-1,1,-1,1,-1,-1,-1,1,1,1.763233
1,-1,1,1,-1,1,-1,1,-1,1,-1,-1,1,-1,2.118497
-1,-1,1,1,1,-1,-1,-1,1,1,-1,1,1,-1,2.371052
-1,-1,1,-1,1,1,-1,1,-1,1,-1,1,1,-1,1.698884
1,-1,-1,1,-1,-1,1,1,-1,-1,1,-1,1,1,2.244453
1,-1,-1,1,1,1,-1,-1,1,-1,-1,1,-1,1,1.797764
-1,-1,1,1,1,-1,1,-1,1,-1,-1,-1,1,1,2.407124
1,-1,1,-1,1,1,-1,-1,1,-1,-1,-1,1,1,2.105594
1,-1,1,-1,-1,-1,1,1,-1,1,-1,1,1,-1,1.656122
-1,1,1,1,-1,-1,-1,1,-1,1,-1,1,1,-1,1.897417
1,1,-1,-1,-1,1,-1,1,-1,1,1,-1,1,-1,1.746801
-1,1,-1,1,-1,1,1,1,-1,-1,1,1,-1,-1,2.089520
1,-1,1,-1,1,-1,1,-1,1,1,-1,-1,1,-1,1.172217
-1,1,1,-1,1,1,-1,-1,1,-1,-1,-1,1,1,2.311850
1,-1,-1,1,1,1,-1,-1,1,-1,-1,1,1,-1,1.870386
1,-1,-1,1,1,-1,-1,1,-1,1,-1,1,-1,1,1.173587
1,-1,-1,-1,1,1,1,-1,1,-1,-1,1,1,-1,2.013720
1,-1,1,-1,-1,1,-1,1,-1,1,-1,-1,1,1,1.457757
1,-1,1,-1,1,-1,-1,1,-1,-1,1,1,1,-1,1.685559
-1,1,1,-1,-1,1,-1,1,1,-1,1,-1,-1,1,1.386583
-1,1,-1,-1,1,1,1,1,-1,-1,1,-1,-1,1,2.317946
-1,1,1,-1,-1,1,1,-1,1,1,-1,-1,-1,1,1.919209
-1,1,1,-1,-1,1,-1,1,-1,1,-1,-1,1,1,1.543202
1,-1,1,1,-1,-1,-1,1,1,-1,1,-1,1,-1,1.576481
1,1,-1,1,-1,-1,1,1,-1,-1,1,-1,1,-1,2.060885
-1,-1,1,1,-1,-1,1,1,1,-1,1,-1,-1,1,2.204694
-1,1,-1,-1,1,1,-1,1,1,1,-1,-1,-1,1,2.299237
1,-1,-1,1,1,1,-1,-1,1,-1,1,-1,-1,1,1.723307
-1,1,-1,1,-1,1,1,-1,-1,-1,1,1,-1,1,1.577494
1,-1,-1,1,-1,1,1,-1,-1,-1,1,1,1,-1,1.976172
1,-1,1,-1,-1,1,-1,-1,1,1,1,1,-1,-1,2.412705
1,1,-1,-1,1,-1,-1,-1,1,1,-1,1,-1,1,2.123755
-1,-1,1,-1,1,1,1,-1,-1,1,1,-1,1,-1,2.134267
-1,-1,1,1,1,-1,-1,1,-1,-1,1,1,1,-1,2.354453
1,-1,1,-1,1,-1,-1,1,-1,1,1,-1,1,-1,1.125780
1,-1,1,-1,1,1,1,-1,-1,-1,1,-1,1,-1,2.293386
1,-1,-1,1,-1,-1,1,1,-1,1,-1,1,1,-1,1.549437
1,-1,1,1,-1,1,-1,-1,-1,1,1,-1,1,-1,1.889062
1,-1,-1,1,-1,1,1,1,-1,-1,-1,1,-1,1,1.911216
-1,1,-1,1,-1,1,1,-1,1,-1,1,-1,1,-1,0.947088
1,-1,1,-1,-1,1,1,-1,1,1,-1,1,-1,-1,1.910123
-1,1,1,-1,-1,-1,1,-1,1,1,1,-1,-1,1,2.220269
1,1,-1,1,-1,-1,1,-1,1,-1,1,-1,-1,1,1.698884
1,-1,-1,1,1,-1,-1,-1,1,1,1,-1,1,-1,1.997457
1,-1,-1,-1,1,-1,1,1,1,-1,-1,1,1,-1,2.272347
-1,1,1,-1,-1,-1,1,1,-1,-1,1,1,1,-1,2.277835
-1,1,-1,1,-1,-1,-1,1,1,1,1,-1,1,-1,2.700409
-1,-1,1,1,-1,1,1,1,-1,-1,-1,1,1,-1,2.432162
-1,1,1,-1,1,-1,1,1,-1,1,-1,1,-1,-1,2.043630
1,-1,1,-1,-1,1,1,-1,1,-1,-1,1,-1,1,1.247751
-1,-1,1,-1,1,1,1,-1,-1,1,-1,1,1,-1,2.113596
1,-1,1,-1,-1,1,-1,-1,1,-1,1,-1,1,1,2.147566
-1,1,-1,1,-1,-1,1,-1,1,-1,1,1,-1,1,1.717086
1,-1,-1,1,-1,1,1,-1,1,-1,1,1,-1,-1,1.632151
-1,1,-1,-1,-1,1,1,1,-1,1,-1,1,-1,1,2.354708
1,-1,1,-1,1,-1,1,1,-1,-1,-1,1,1,-1,1.536291
1,-1,1,-1,1,-1,-1,-1,1,-1,1,1,-1,1,1.895467
1,1,-1,-1,1,-1,1,1,-1,-1,-1,1,1,-1,2.081970
1,-1,1,-1,-1,1,1,-1,-1,1,1,-1,-1,1,1.462185
1,1,-1,-1,1,1,-1,-1,-1,1,1,-1,1,-1,2.098369
-1,1,1,-1,1,-1,1,1,-1,-1,1,-1,-1,1,1.551756
1,-1,1,1,-1,-1,1,-1,-1,1,-1,1,1,-1,1.604513
1,-1,1,-1,-1,1,-1,1,-1,-1,1,1,-1,1,1.423543
1,-1,-1,-1,1,1,-1,1,1,-1,-1,1,1,-1,1.899775
-1,1,1,-1,-1,-1,1,-1,1,-1,1,1,-1,1,2.160712
-1,1,1,-1,1,-1,1,-1,1,1,1,-1,-1,-1,2.620591
1,1,-1,-1,-1,1,1,-1,-1,1,1,-1,-1,1,2.047238
1,-1,1,-1,-1,-1,1,-1,1,-1,1,1,1,-1,2.448643
-1,-1,1,1,1,-1,1,-1,-1,1,-1,-1,1,1,2.304426
-1,1,-1,1,1,-1,-1,-1,1,1,1,-1,1,-1,1.860947
1,1,-1,1,-1,-1,-1,1,-1,1,1,-1,1,-1,2.072366
-1,1,1,-1,1,-1,-1,1,1,-1,1,-1,-1,1,1.373693
-1,1,-1,1,-1,1,1,-1,-1,1,-1,1,-1,1,1.042857
1,-1,-1,-1,1,1,1,-1,1,1,-1,-1,1,-1,2.313750
-1,1,1,-1,-1,-1,1,-1,1,1,-1,1,1,-1,2.057175
-1,1,1,-1,-1,1,1,1,-1,1,-1,-1,1,-1,2.080435
-1,1,1,1,-1,-1,1,1,-1,1,-1,-1,1,-1,2.264452
1,1,-1,-1,-1,-1,1,1,-1,1,1,-1,-1,1,2.481903
1,-1,-1,1,-1,-1,1,1,-1,-1,1,1,-1,1,1.845941
-1,1,-1,1,1,1,-1,-1,1,1,-1,1,-1,-1,2.395075
-1,-1,1,1,-1,1,1,1,-1,-1,1,-1,1,-1,2.123755
1,1,-1,-1,1,-1,1,-1,1,-1,1,1,-1,-1,1.754421
-1,-1,1,1,-1,1,1,-1,1,-1,-1,-1,1,1,2.305842
-1,1,-1,1,1,-1,-1,1,1,-1,-1,1,1,-1,1.462185
1,-1,-1,1,1,1,-1,1,-1,1,-1,-1,1,-1,2.160712
1,1,-1,1,-1,-1,-1,1,-1,1,-1,-1,1,1,2.580021
1,-1,1,-1,-1,-1,1,1,1,-1,-1,1,-1,1,1.851584
-1,1,1,1,-1,-1,1,-1,1,-1,1,1,-1,-1,1.952968
-1,1,-1,-1,1,-1,1,1,1,-1,1,1,-1,-1,2.500165
1,-1,1,1,-1,-1,1,1,-1,1,-1,-1,1,-1,1.989105
-1,1,1,1,-1,-1,1,-1,-1,1,1,-1,-1,1,1.899775
1,-1,1,-1,-1,1,-1,1,-1,-1,1,1,1,-1,1.649279
1,1,-1,-1,1,-1,1,-1,1,-1,-1,1,1,-1,1.539539
1,1,-1,-1,-1,-1,1,1,1,-1,-1,1,-1,1,2.552551
1,1,-1,-1,-1,1,-1,1,1,-1,1,-1,-1,1,1.884906
1,-1,-1,1,-1,1,1,-1,1,1,-1,1,-1,-1,2.000658
-1,1,-1,1,-1,1,1,-1,-1,1,1,-1,1,-1,1.208250
-1,-1,-1,1,1,1,1,-1,-1,1,-1,1,-1,1,2.891023
1,-1,1,-1,-1,1,-1,-1,1,1,1,-1,1,-1,1.714792
1,-1,1,-1,-1,-1,1,-1,1,1,1,-1,-1,1,2.173882
-1,-1,1,1,-1,-1,1,1,-1,-1,1,1,1,-1,2.451212
-1,1,-1,-1,1,1,-1,1,1,-1,1,-1,1,-1,1.466844
1,-1,1,1,-1,-1,1,-1,-1,1,1,-1,-1,1,1.677840
-1,1,-1,1,1,1,-1,-1,-1,1,1,1,-1,-1,2.463415
-1,1,1,-1,-1,1,1,1,-1,-1,-1,1,-1,1,1.997457
1,-1,-1,1,-1,1,-1,1,-1,1,1,1,-1,-1,1.717995
1,-1,1,1,-1,-1,1,-1,1,-1,1,1,-1,-1,1.713464
-1,1,1,-1,1,-1,-1,1,-1,1,1,1,-1,-1,1.891066
-1,1,-1,1,1,-1,-1,1,-1,1,1,-1,-1,1,1.345577
1,-1,1,1,-1,-1,-1,1,-1,1,1,-1,1,-1,1.684251
-1,1,1,-1,1,1,-1,1,-1,-1,-1,1,1,-1,2.055985
-1,1,-1,-1,1,1,-1,-1,1,1,-1,1,1,-1,1.846990
1,-1,1,-1,-1,1,1,-1,1,-1,1,-1,-1,1,1.212688
-1,1,-1,-1,1,-1,1,1,1,-1,1,-1,1,-1,1.875201
1,1,-1,-1,1,1,-1,-1,1,-1,1,-1,-1,1,1.873150
1,-1,-1,1,1,1,-1,-1,1,-1,1,1,-1,-1,2.121429
-1,1,1,-1,1,1,-1,-1,1,-1,1,1,-1,-1,1.892947
1,-1,1,-1,-1,1,-1,1,1,1,-1,1,-1,-1,2.115487
-1,1,-1,1,1,-1,-1,1,1,1,-1,-1,-1,1,1.980009
1,-1,-1,1,1,-1,1,-1,1,-1,1,-1,-1,1,1.190102
-1,1,-1,-1,1,1,-1,-1,1,1,-1,1,-1,1,1.647283
1,-1,-1,1,1,-1,-1,1,1,-1,-1,1,-1,1,1.462485
-1,1,-1,1,1,-1,-1,1,1,-1,-1,-1,1,1,1.934781
1,-1,-1,1,-1,1,-1,1,1,-1,1,-1,-1,1,1.260727
1,-1,1,1,-1,-1,1,1,-1,-1,-1,1,1,-1,2.020572
-1,1,-1,1,-1,1,-1,1,-1,-1,1,1,1,-1,1.402690
-1,1,-1,-1,1,-1,1,1,1,-1,1,-1,-1,1,1.998201
1,1,-1,-1,1,-1,-1,1,-1,1,1,1,-1,-1,2.305842
1,1,-1,-1,1,-1,1,-1,-1,1,1,1,-1,-1,2.193142
1,-1,-1,1,-1,-1,1,1,-1,1,-1,1,-1,1,1.358484
-1,1,1,1,1,-1,-1,-1,1,-1,1,-1,1,-1,2.640530
1,1,-1,1,-1,-1,1,-1,-1,1,-1,1,-1,1,1.872587
1,-1,1,-1,-1,1,-1,1,1,-1,1,1,-1,-1,1.680087
1,-1,-1,1,1,-1,-1,1,-1,1,1,-1,1,-1,1.372975
1,-1,-1,-1,1,1,1,1,-1,-1,1,-1,1,-1,2.348176
1,1,-1,1,-1,-1,-1,1,1,-1,-1,1,1,-1,2.225401
-1,1,1,-1,1,1,-1,-1,-1,1,1,-1,1,-1,1.751437
-1,1,-1,-1,1,-1,1,1,-1,1,-1,1,1,-1,1.652799
1,-1,1,-1,1,-1,1,-1,-1,-1,1,1,-1,1,1.529695
-1,-1,1,1,-1,1,-1,1,1,-1,1,1,-1,-1,2.100109
1,1,-1,-1,-1,1,-1,1,-1,1,1,1,-1,-1,2.407124
1,-1,-1,1,-1,1,1,-1,1,-1,-1,-1,1,1,1.891066
1,-1,1,-1,1,-1,1,1,-1,1,-1,1,-1,-1,1.812304
-1,-1,1,1,1,1,-1,-1,1,-1,-1,1,-1,1,2.379109
1,-1,-1,1,-1,-1,1,1,-1,1,-1,-1,1,1,1.892947
1,1,-1,-1,-1,1,-1,1,1,1,-1,-1,1,-1,2.306697
-1,1,-1,1,-1,-1,1,1,1,-1,1,1,-1,-1,2.111460
-1,-1,1,1,1,-1,1,-1,1,-1,1,-1,1,-1,1.541809
1,1,-1,-1,1,-1,1,-1,-1,1,1,-1,-1,1,1.706418
1,-1,-1,1,1,-1,1,-1,-1,1,-1,1,-1,1,1.236191
1,-1,-1,-1,1,1,-1,1,-1,-1,1,1,-1,1,1.903141
-1,-1,1,1,-1,1,1,-1,1,1,-1,-1,-1,1,2.282455
-1,1,1,-1,-1,1,1,-1,-1,1,-1,1,1,-1,1.479088
1,-1,1,1,1,-1,-1,1,-1,-1,1,-1,1,-1,2.638534
-1,-1,1,-1,1,1,-1,-1,1,1,-1,1,1,-1,2.242344
-1,1,-1,1,-1,-1,1,1,-1,1,-1,1,-1,1,1.162397
-1,-1,1,1,-1,1,1,1,-1,-1,-1,1,-1,1,2.351428
-1,1,1,1,-1,1,-1,1,-1,-1,1,-1,1,-1,2.073185
1,-1,1,-1,1,-1,1,-1,-1,1,-1,-1,1,1,1.509591
-1,-1,1,1,-1,-1,1,-1,1,1,1,-1,1,-1,2.353155
-1,1,-1,1,-1,-1,1,-1,1,1,1,-1,-1,1,1.830068
1,-1,1,-1,1,1,1,-1,-1,-1,-1,1,-1,1,2.700409
1,-1,1,-1,-1,1,-1,-1,1,-1,1,1,1,-1,2.000035
1,-1,1,-1,1,-1,1,1,-1,-1,-1,-1,1,1,2.156249
-1,1,1,-1,1,-1,-1,-1,1,-1,1,1,1,-1,2.226604
-1,-1,1,1,-1,-1,1,1,-1,1,-1,-1,1,1,2.268116
-1,1,1,-1,-1,-1,1,1,1,1,-1,-1,1,-1,2.494716
-1,-1,1,1,1,-1,1,1,-1,-1,-1,1,1,-1,2.425525
1,-1,-1,1,-1,1,1,-1,-1,-1,1,1,-1,1,1.751519
-1,1,1,-1,-1,1,1,-1,-1,1,1,1,-1,-1,2.050548
-1,-1,1,1,-1,1,1,-1,1,-1,1,-1,1,-1,1.506383
1,-1,1,-1,-1,-1,1,1,1,-1,-1,-1,1,1,2.463415
-1,1,-1,1,-1,1,-1,-1,1,1,1,-1,-1,1,1.536291
1,-1,1,-1,1,1,-1,1,-1,-1,-1,1,1,-1,1.830068
1,1,-1,-1,-1,1,1,1,-1,-1,1,-1,-1,1,2.371052
1,-1,1,-1,1,-1,1,1,-1,-1,1,-1,1,-1,1.162875
-1,-1,-1,1,1,1,-1,1,-1,1,-1,1,1,-1,2.648931
1,1,-1,1,-1,-1,-1,1,1,-1,-1,1,-1,1,2.134267
-1,1,-1,1,-1,1,-1,-1,1,-1,1,-1,1,1,1.812304
-1,1,-1,1,-1,1,-1,-1,1,1,-1,-1,1,1,1.687726
1,1,-1,-1,1,1,-1,1,-1,1,-1,-1,1,-1,2.336327
1,-1,1,-1,1,-1,-1,1,1,-1,-1,1,1,-1,1.318683
-1,1,1,-1,1,-1,1,-1,-1,1,-1,1,1,-1,1.260727
1,-1,1,1,-1,-1,-1,1,1,1,-1,1,-1,-1,2.526102
1,1,-1,-1,1,-1,1,-1,1,-1,1,-1,-1,1,1.394145
1,-1,1,-1,1,-1,1,1,-1,-1,1,1,-1,-1,1.687726
-1,1,-1,1,-1,1,1,-1,1,-1,1,-1,-1,1,1.112673
-1,1,1,1,-1,1,-1,-1,-1,1,1,-1,-1,1,2.272347
-1,1,-1,1,1,-1,-1,-1,1,-1,1,1,1,-1,2.158448
1,1,-1,-1,-1,1,-1,1,1,-1,-1,1,1,-1,1.981382
1,-1,-1,1,1,-1,-1,1,-1,-1,1,1,-1,1,1.684892
1,-1,1,-1,-1,1,1,1,-1,1,-1,-1,-1,1,2.158448
-1,1,1,-1,-1,1,-1,-1,1,1,-1,-1,1,1,2.044280
-1,-1,1,1,-1,1,1,-1,1,-1,1,-1,-1,1,1.667004
1,-1,1,-1,-1,-1,1,1,1,-1,1,1,-1,-1,2.395689
1,-1,-1,1,-1,1,1,-1,1,-1,-1,1,1,-1,1.385989
1,-1,-1,1,1,-1,-1,-1,1,1,-1,-1,1,1,2.265499
-1,-1,1,-1,1,1,-1,-1,1,1,1,-1,-1,1,2.407285
-1,1,-1,1,1,-1,-1,1,1,-1,1,1,-1,-1,1.756127
-1,1,-1,1,1,-1,-1,1,-1,-1,1,1,1,-1,1.765574
-1,1,1,-1,-1,1,1,-1,-1,-1,1,-1,1,1,2.233172
-1,1,-1,1,-1,-1,1,1,-1,1,1,-1,-1,1,1.501047
-1,1,-1,1,1,-1,-1,-1,1,1,-1,1,1,-1,1.755734
-1,-1,1,1,-1,1,-1,1,1,-1,1,-1,-1,1,1.629787
-1,1,1,-1,-1,1,-1,1,-1,1,-1,1,1,-1,1.190102
1,-1,1,1,-1,1,-1,1,-1,-1,-1,1,1,-1,2.168087
1,-1,-1,1,-1,1,1,-1,-1,-1,1,-1,1,1,2.156191
-1,1,1,-1,1,-1,1,-1,1,-1,-1,-1,1,1,1.717995
1,1,-1,-1,1,-1,1,-1,1,-1,-1,-1,1,1,2.104999
1,-1,-1,1,-1,1,-1,-1,1,1,-1,1,1,-1,1.551756
-1,1,1,-1,1,-1,-1,1,1,1,-1,1,-1,-1,2.156191
1,-1,1,1,1,-1,-1,-1,1,-1,1,-1,1,-1,2.354708
1,-1,1,1,-1,1,-1,-1,1,-1,-1,1,-1,1,1.741197
-1,1,1,-1,1,-1,1,1,-1,1,-1,-1,-1,1,1.957337
1,-1,1,1,-1,1,-1,1,-1,-1,1,-1,1,-1,1.758532
-1,1,-1,1,-1,-1,1,1,-1,1,-1,1,1,-1,1.350684
-1,1,-1,-1,1,-1,1,-1,1,1,1,-1,-1,1,2.168087
-1,1,1,-1,1,-1,-1,1,1,-1,-1,1,-1,1,1.365641
-1,1,-1,-1,1,1,1,-1,1,-1,-1,1,1,-1,1.797976
1,-1,-1,1,-1,1,-1,1,1,-1,-1,1,-1,1,1.212384
-1,-1,1,-1,1,1,-1,-1,1,1,-1,1,-1,1,2.060885
-1,-1,1,-1,1,1,-1,1,1,-1,1,-1,1,-1,1.872587
1,-1,-1,-1,1,-1,1,1,1,-1,-1,1,-1,1,2.124387
-1,1,1,-1,1,-1,1,-1,-1,1,-1,1,-1,1,1.112613
1,1,-1,1,-1,-1,-1,1,-1,1,-1,1,1,-1,2.082383
1,-1,-1,1,-1,-1,1,1,1,1,-1,-1,1,-1,2.321520
-1,1,-1,-1,1,-1,1,1,-1,1,1,-1,-1,1,1.808381
-1,-1,1,1,1,-1,1,-1,-1,-1,1,1,-1,1,2.306697
1,-1,-1,-1,1,1,-1,-1,1,1,1,-1,-1,1,2.280450
1,-1,1,-1,-1,-1,1,1,-1,-1,1,-1,1,1,2.395075
-1,1,-1,1,-1,1,-1,1,-1,1,1,1,-1,-1,1.542628
-1,1,-1,-1,1,1,-1,1,1,-1,-1,1,1,-1,1.677840
1,-1,-1,-1,1,-1,1,1,-1,1,1,-1,-1,1,2.068693
1,-1,1,-1,1,-1,-1,1,-1,-1,1,-1,1,1,1.884370
1,-1,-1,1,1,-1,1,1,-1,1,-1,1,-1,-1,2.195388
-1,1,-1,1,1,-1,1,1,-1,-1,-1,-1,1,1,2.412705
1,-1,1,1,-1,-1,1,-1,1,-1,-1,-1,1,1,2.063967
1,-1,1,-1,1,-1,-1,1,-1,-1,1,1,-1,1,1.470669
-1,1,-1,1,1,1,-1,1,-1,-1,-1,1,1,-1,2.173882
1,-1,1,-1,-1,-1,1,-1,1,1,-1,1,1,-1,2.001880
1,-1,-1,1,-1,1,-1,1,-1,-1,-1,1,1,1,2.620591
-1,1,1,-1,1,-1,-1,-1,1,-1,1,1,-1,1,2.003293
1,-1,1,-1,-1,1,-1,1,1,1,-1,-1,-1,1,1.902952
-1,1,-1,-1,1,1,1,-1,1,-1,1,-1,1,-1,1.524882
1,-1,1,-1,1,-1,1,-1,-1,1,1,1,-1,-1,1.614502
-1,-1,1,1,-1,-1,1,1,-1,1,-1,1,1,-1,1.873150
-1,1,1,-1,1,1,-1,-1,1,-1,1,-1,1,-1,1.358484
-1,1,1,-1,1,-1,-1,1,-1,1,-1,1,-1,1,1.091903
-1,1,1,-1,-1,1,1,-1,1,-1,-1,1,-1,1,1.372975
-1,1,-1,1,-1,-1,1,1,1,-1,1,-1,1,-1,1.509058
1,-1,1,-1,1,-1,1,-1,1,1,-1,-1,-1,1,1.402690
-1,1,1,-1,1,1,-1,1,-1,-1,1,1,-1,-1,2.233738
1,-1,-1,1,-1,-1,1,1,1,-1,-1,1,1,-1,1.894446
-1,1,-1,-1,1,-1,1,-1,1,1,-1,1,-1,1,1.758532
-1,1,-1,1,-1,1,-1,1,1,-1,1,-1,-1,1,1.091595
-1,1,1,1,-1,-1,-1,1,1,-1,1,1,-1,-1,2.381455
1,1,-1,-1,1,-1,-1,-1,1,1,-1,1,1,-1,2.288998
-1,1,1,-1,-1,1,-1,-1,1,1,-1,1,-1,1,1.503016
1,-1,-1,1,-1,-1,1,1,-1,1,1,-1,1,-1,1.618773
-1,1,1,-1,-1,1,-1,1,-1,1,-1,1,-1,1,1.011931
-1,1,1,1,-1,-1,-1,1,1,-1,1,-1,1,-1,1.797341
1,-1,1,1,-1,-1,-1,1,1,-1,1,1,-1,-1,2.138241
-1,1,1,-1,-1,1,-1,1,-1,-1,1,1,-1,1,1.504614
1,-1,-1,1,1,1,-1,-1,-1,-1,1,1,-1,1,2.494716
1,-1,-1,1,-1,1,-1,-1,1,1,-1,1,-1,1,1.353040
1,-1,1,1,-1,-1,-1,1,1,-1,-1,1,-1,1,1.758674
-1,1,1,1,-1,-1,-1,1,-1,1,1,-1,1,-1,1.903542
1,-1,1,1,-1,1,-1,-1,1,-1,-1,1,1,-1,1.808381
1,-1,-1,1,-1,1,-1,1,1,1,-1,-1,1,-1,1.686523
1,1,-1,-1,-1,1,-1,1,-1,1,-1,1,-1,1,1.541809
1,-1,1,1,-1,1,-1,-1,-1,1,-1,1,1,-1,1.998201
-1,1,1,-1,1,-1,1,-1,1,-1,1,-1,-1,1,1.049919
1,-1,1,-1,1,1,-1,-1,1,-1,1,-1,1,-1,1.162397
-1,-1,1,-1,1,-1,1,1,-1,1,1,-1,-1,1,2.192395
1,-1,-1,1,1,-1,1,-1,1,1,-1,1,-1,-1,1.867753
1,-1,1,1,-1,-1,1,-1,-1,1,1,-1,1,-1,1.538373
1,-1,-1,1,-1,1,-1,1,-1,-1,1,1,1,-1,1.592942
-1,1,-1,1,-1,1,1,-1,1,-1,1,1,-1,-1,1.491408
-1,1,-1,1,1,-1,-1,-1,1,1,1,1,-1,-1,2.525568
-1,1,1,1,-1,-1,1,-1,1,-1,-1,1,1,-1,1.731980
-1,1,-1,1,1,-1,-1,1,-1,1,-1,1,1,-1,1.212688
1,-1,1,-1,1,1,-1,1,-1,-1,1,-1,-1,1,1.652274
1,-1,1,1,-1,1,-1,-1,1,-1,1,-1,-1,1,1.652799
1,-1,1,-1,-1,-1,1,-1,1,1,1,-1,1,-1,2.126556
-1,1,1,1,-1,-1,-1,-1,1,1,1,-1,1,-1,2.590786
1,-1,1,-1,1,-1,1,-1,-1,1,-1,1,1,-1,1.091595
-1,1,-1,1,1,-1,-1,-1,1,1,-1,-1,1,1,2.100763
-1,1,1,-1,-1,1,1,-1,1,-1,-1,1,1,-1,1.474034
1,-1,1,1,-1,1,-1,-1,-1,1,-1,-1,1,1,2.500165
-1,1,1,-1,1,-1,1,1,-1,-1,1,1,-1,-1,1.887650
-1,-1,1,1,1,-1,1,-1,-1,1,1,1,-1,-1,2.451806
-1,1,-1,1,-1,1,-1,-1,-1,1,1,1,-1,1,2.378157
-1,1,-1,1,1,1,-1,-1,-1,1,-1,1,-1,1,1.769747
-1,1,-1,1,1,-1,1,1,-1,1,-1,-1,-1,1,2.000035
-1,1,1,-1,1,-1,1,-1,-1,1,1,-1,-1,1,1.344652
1,-1,1,-1,-1,-1,1,1,1,-1,-1,1,1,-1,1.993073
-1,-1,1,1,1,-1,1,-1,-1,-1,1,1,1,-1,2.502317
1,-1,-1,1,-1,1,1,1,-1,-1,1,-1,-1,1,1.825663
1,1,-1,-1,1,-1,1,1,-1,1,-1,-1,-1,1,2.299122
1,-1,-1,1,1,-1,1,1,-1,-1,-1,1,-1,1,1.798523
1,1,-1,1,-1,-1,1,-1,1,-1,1,1,-1,-1,2.125213
-1,-1,1,1,1,-1,1,-1,1,-1,1,1,-1,-1,2.121424
-1,1,-1,1,1,1,-1,1,-1,-1,1,-1,-1,1,2.001880
1,1,-1,-1,-1,1,-1,1,-1,1,-1,1,1,-1,1.714550
1,-1,-1,1,1,-1,1,-1,-1,-1,1,1,-1,1,1.819503
-1,1,-1,1,-1,-1,1,1,1,-1,-1,1,1,-1,1.707737
-1,1,-1,1,1,-1,-1,1,1,1,-1,1,-1,-1,2.149154
1,-1,1,-1,1,-1,-1,1,1,1,-1,1,-1,-1,1.950886
-1,-1,1,1,1,-1,1,-1,1,-1,-1,1,-1,1,1.746801
1,-1,1,1,-1,-1,1,-1,1,1,-1,-1,-1,1,1.901602
-1,1,-1,-1,1,1,1,-1,1,1,-1,-1,1,-1,2.113244
-1,1,1,1,-1,1,-1,-1,1,-1,1,-1,-1,1,1.933357
1,-1,-1,1,-1,1,1,-1,-1,1,1,-1,1,-1,1.365641
1,-1,1,-1,-1,1,1,-1,-1,-1,1,1,-1,1,1.761473
1,-1,1,-1,1,-1,-1,1,1,-1,-1,-1,1,1,1.802424
1,-1,1,1,-1,1,-1,-1,1,-1,1,1,-1,-1,2.059182
-1,1,1,1,-1,-1,1,-1,-1,-1,1,1,-1,1,2.329014
-1,1,-1,1,1,-1,1,-1,1,-1,-1,1,1,-1,1.235717
-1,1,1,-1,1,-1,1,-1,-1,1,-1,-1,1,1,1.669559
1,-1,-1,1,-1,1,-1,1,-1,1,-1,1,1,-1,1.049919
-1,-1,1,1,-1,-1,1,-1,1,1,1,-1,-1,1,2.392829
1,-1,1,1,-1,-1,1,-1,1,1,-1,-1,1,-1,1.668656
1,-1,1,-1,-1,1,1,-1,-1,1,-1,-1,1,1,1.756127
-1,1,1,1,-1,1,-1,-1,1,1,-1,-1,1,-1,2.268249
-1,-1,1,1,-1,1,-1,-1,1,-1,1,1,-1,1,2.053242
-1,-1,1,1,-1,1,1,-1,1,-1,1,1,-1,-1,2.088135
-1,1,-1,-1,1,1,-1,1,-1,-1,1,1,1,-1,1.901602
-1,1,1,-1,-1,1,-1,1,-1,1,1,-1,-1,1,1.328519
-1,1,1,1,-1,-1,-1,1,-1,-1,1,1,-1,1,2.313750
1,-1,-1,1,1,1,-1,1,-1,-1,-1,1,1,-1,2.220269
-1,1,-1,1,-1,-1,1,-1,1,1,-1,-1,1,1,2.026068
1,-1,-1,-1,1,1,-1,1,-1,1,1,-1,1,-1,1.649364
1,1,-1,-1,-1,1,1,1,-1,-1,1,-1,1,-1,2.181096
1,-1,1,-1,-1,-1,1,-1,1,1,-1,1,-1,1,1.796921
1,1,-1,1,-1,1,-1,-1,1,-1,1,1,-1,-1,2.417771
1,-1,1,-1,-1,1,1,-1,-1,-1,1,-1,1,1,2.149154
1,-1,1,1,-1,-1,-1,-1,1,1,-1,1,-1,1,2.156532
1,1,-1,-1,1,-1,1,-1,-1,1,1,-1,1,-1,1.569835
-1,1,-1,-1,1,-1,1,1,1,-1,-1,1,1,-1,2.046454
-1,1,1,1,-1,-1,1,-1,1,1,-1,-1,1,-1,1.903141
-1,1,1,-1,1,1,-1,-1,-1,1,-1,-1,1,1,2.293774
-1,1,1,1,-1,-1,-1,1,1,-1,-1,1,1,-1,2.077767
-1,1,1,-1,-1,1,-1,-1,1,1,1,-1,-1,1,1.868633
-1,1,1,-1,-1,-1,1,1,-1,-1,1,1,-1,1,2.035899
1,-1,1,-1,-1,1,-1,1,1,-1,-1,-1,1,1,1.828035
-1,-1,1,1,-1,1,-1,1,-1,1,1,-1,1,-1,1.456146
-1,1,1,-1,1,-1,-1,1,-1,1,-1,1,1,-1,1.260835
1,1,-1,-1,-1,-1,1,1,1,-1,1,-1,1,-1,2.457652
1,-1,-1,-1,1,1,1,1,-1,-1,1,-1,-1,1,2.500989
1,-1,-1,-1,-1,1,1,1,-1,1,-1,1,-1,1,2.640530
1,-1,1,-1,1,-1,1,1,-1,1,1,-1,-1,-1,2.697648
1,-1,-1,1,1,-1,-1,1,-1,1,-1,-1,1,1,1.711377
-1,1,-1,1,-1,1,-1,-1,1,1,-1,1,-1,1,1.162875
1,-1,1,-1,1,1,-1,-1,1,1,-1,-1,1,-1,1.640992
1,1,-1,1,-1,-1,1,-1,1,-1,-1,-1,1,1,2.499847
1,1,-1,-1,-1,1,-1,1,-1,-1,1,1,-1,1,2.084087
-1,-1,1,-1,1,1,-1,1,-1,1,1,1,-1,-1,2.499847
-1,1,-1,1,-1,1,-1,1,1,-1,-1,1,1,-1,1.172531
1,-1,1,-1,1,-1,1,1,-1,1,-1,-1,1,-1,1.454834
1,-1,-1,1,1,1,-1,-1,-1,1,-1,-1,1,1,2.480645
1,-1,-1,1,1,-1,1,-1,1,-1,-1,1,-1,1,1.236665
1,-1,-1,1,-1,-1,1,1,1,-1,-1,1,-1,1,1.751437
1,1,-1,1,-1,-1,1,-1,-1,1,1,-1,-1,1,2.052249
1,-1,-1,-1,1,1,-1,-1,1,-1,1,1,-1,1,2.264452
-1,-1,1,1,1,-1,-1,1,1,-1,1,1,-1,-1,2.378714
-1,1,-1,-1,1,1,1,-1,-1,1,-1,1,-1,1,1.576481
-1,1,-1,1,-1,-1,1,-1,1,1,-1,1,-1,1,1.441588
-1,1,-1,1,-1,1,-1,-1,1,1,-1,1,1,-1,1.358748
-1,1,1,-1,1,-1,1,-1,-1,-1,1,-1,1,1,2.097225
-1,-1,1,-1,1,1,-1,1,1,-1,1,-1,-1,1,1.985097
1,-1,-1,-1,1,1,-1,-1,1,1,1,-1,1,-1,2.228782
1,-1,1,-1,1,-1,1,-1,1,-1,-1,1,1,-1,1.011389
-1,-1,1,1,-1,1,1,-1,-1,1,1,-1,-1,1,1.860661
-1,1,1,-1,1,-1,1,-1,1,-1,-1,1,-1,1,1.100801
-1,1,-1,1,1,1,-1,-1,1,-1,-1,1,1,-1,1.801152
1,-1,1,1,-1,-1,1,1,-1,-1,1,1,-1,-1,2.265849
1,-1,1,-1,1,1,-1,-1,1,1,-1,-1,-1,1,1.882699
1,-1,-1,-1,1,-1,1,1,-1,-1,1,1,-1,1,2.268249
-1,1,1,-1,1,-1,1,1,-1,1,-1,-1,1,-1,1.662577
-1,1,-1,1,-1,1,1,-1,1,1,-1,-1,1,-1,1.470669
1,-1,1,1,-1,1,-1,-1,-1,1,1,-1,-1,1,2.046454
1,1,-1,-1,1,-1,-1,1,1,1,-1,-1,-1,1,2.351756
1,1,-1,-1,1,1,-1,1,-1,-1,-1,1,-1,1,2.353155
-1,1,-1,-1,1,1,1,-1,1,-1,-1,-1,1,1,2.332910
-1,1,-1,1,1,-1,1,-1,1,-1,1,-1,-1,1,1.100575
-1,-1,1,1,-1,-1,1,1,-1,1,1,-1,1,-1,1.960110
-1,1,1,-1,1,1,-1,-1,1,-1,-1,1,1,-1,1.695134
-1,1,-1,1,-1,1,1,1,-1,-1,1,-1,1,-1,1.510960
1,-1,-1,-1,1,1,1,-1,-1,1,1,-1,-1,1,2.077767
-1,-1,1,-1,1,1,-1,1,-1,1,1,-1,-1,1,1.850328
1,-1,1,-1,1,1,-1,1,-1,-1,1,-1,1,-1,1.441588
1,-1,-1,1,1,1,-1,-1,1,-1,1,-1,1,-1,1.539234
1,1,-1,-1,-1,1,-1,1,1,-1,-1,1,-1,1,1.853338
-1,-1,1,-1,1,1,-1,1,-1,1,-1,1,-1,1,1.515723
-1,-1,1,1,1,-1,1,-1,-1,1,1,-1,-1,1,1.981382
1,1,-1,1,-1,-1,1,-1,1,1,-1,-1,1,-1,2.095462
-1,1,-1,-1,1,1,-1,1,-1,1,-1,1,-1,1,1.172325
-1,1,1,-1,-1,1,1,-1,-1,1,-1,-1,1,1,1.862843
-1,1,-1,1,-1,1,-1,-1,1,-1,1,1,-1,1,1.454834
-1,-1,1,1,-1,1,-1,1,1,-1,1,-1,1,-1,1.490538
1,-1,1,1,1,-1,-1,-1,1,-1,1,-1,-1,1,2.595632
-1,1,-1,-1,1,1,-1,-1,1,-1,1,1,1,-1,2.268951
-1,1,1,1,-1,-1,-1,1,-1,1,-1,1,-1,1,1.726308
1,-1,-1,1,1,-1,-1,1,1,-1,-1,1,1,-1,1.580732
-1,1,-1,1,1,1,-1,1,-1,-1,-1,1,-1,1,2.126556
1,-1,-1,1,1,-1,1,1,-1,-1,1,-1,-1,1,1.695057
1,-1,1,-1,-1,1,-1,-1,1,1,-1,-1,1,1,1.966142
1,-1,1,1,-1,-1,1,-1,1,-1,1,-1,1,-1,1.172325
1,-1,1,-1,-1,-1,1,1,-1,1,1,-1,-1,1,1.801152
-1,-1,1,1,-1,1,-1,1,1,-1,-1,1,-1,1,1.569835
-1,1,1,1,-1,-1,1,-1,1,-1,1,-1,1,-1,1.403781
-1,1,-1,-1,1,1,1,-1,-1,1,-1,-1,1,1,2.138241
1,-1,1,1,-1,-1,1,-1,1,-1,1,-1,-1,1,1.356800
-1,1,1,-1,-1,1,1,1,-1,-1,1,1,-1,-1,2.265499
1,-1,1,1,-1,-1,-1,1,1,-1,-1,1,1,-1,1.861243
-1,1,1,-1,1,-1,1,-1,1,1,-1,-1,-1,1,1.592942
1,-1,1,-1,1,-1,-1,-1,1,-1,1,1,1,-1,2.135365
1,-1,-1,1,-1,-1,1,1,1,-1,-1,-1,1,1,2.342493
1,-1,1,-1,-1,1,-1,-1,1,1,-1,1,-1,1,1.426015
-1,1,-1,1,1,-1,1,-1,1,1,-1,-1,-1,1,1.649279
1,-1,-1,-1,1,1,-1,1,-1,1,-1,1,-1,1,1.403781
1,-1,1,1,-1,-1,1,1,-1,-1,1,-1,1,-1,1.647283
-1,-1,1,1,-1,1,-1,1,-1,-1,1,1,-1,1,1.711944
-1,1,-1,-1,1,1,-1,-1,1,-1,1,1,-1,1,1.989105
1,-1,-1,-1,1,1,-1,1,1,1,-1,-1,1,-1,2.329014
1,1,-1,-1,1,-1,1,-1,-1,1,-1,1,1,-1,1.629787
-1,1,-1,-1,1,1,1,-1,1,-1,1,1,-1,-1,2.107372
-1,-1,1,1,1,-1,-1,1,-1,1,1,-1,-1,1,1.933256
1,-1,-1,-1,1,-1,1,1,-1,1,-1,1,-1,1,1.707196
1,1,-1,-1,-1,1,-1,1,1,-1,-1,-1,1,1,2.451806
1,-1,-1,1,-1,1,1,1,-1,-1,-1,1,1,-1,1.999046
-1,1,-1,1,-1,1,-1,1,1,1,-1,-1,-1,1,1.727140
-1,1,1,-1,-1,1,-1,-1,1,1,1,-1,1,-1,1.798523
-1,1,1,-1,1,1,-1,-1,-1,1,1,1,-1,-1,2.342493
1,-1,-1,1,-1,1,1,-1,1,-1,1,-1,1,-1,1.091903
-1,1,-1,-1,1,1,-1,1,1,1,-1,-1,1,-1,2.112624
-1,1,1,-1,1,1,-1,-1,1,-1,-1,1,-1,1,1.618773
1,-1,-1,1,1,-1,1,-1,1,-1,1,1,-1,-1,1.543202
-1,1,1,-1,1,1,-1,1,-1,-1,-1,1,-1,1,2.017893
-1,1,1,1,-1,-1,1,1,-1,-1,-1,1,-1,1,2.228782
-1,1,-1,1,-1,1,1,-1,1,1,-1,1,-1,-1,1.884370
